sample_id,raw_sample_id,sample_name,file,has_gc_fid,has_ir,split
petroleum_fraction_db_007,petroleum_fraction_db_007,Petroleum fraction 007,data/experimental_db/petroleum_fraction_dataset/test/petroleum_fraction_db_007.xlsx,True,True,test
petroleum_fraction_db_013,petroleum_fraction_db_013,Petroleum fraction 013,data/experimental_db/petroleum_fraction_dataset/test/petroleum_fraction_db_013.xlsx,True,True,test
petroleum_fraction_db_015,petroleum_fraction_db_015,Petroleum fraction 015,data/experimental_db/petroleum_fraction_dataset/test/petroleum_fraction_db_015.xlsx,True,True,test
petroleum_fraction_db_024,petroleum_fraction_db_024,Petroleum fraction 024,data/experimental_db/petroleum_fraction_dataset/test/petroleum_fraction_db_024.xlsx,True,True,test
petroleum_fraction_db_027,petroleum_fraction_db_027,Petroleum fraction 027,data/experimental_db/petroleum_fraction_dataset/test/petroleum_fraction_db_027.xlsx,True,True,test
petroleum_fraction_db_039,petroleum_fraction_db_039,Petroleum fraction 039,data/experimental_db/petroleum_fraction_dataset/test/petroleum_fraction_db_039.xlsx,True,True,test
petroleum_fraction_db_041,petroleum_fraction_db_041,Petroleum fraction 041,data/experimental_db/petroleum_fraction_dataset/test/petroleum_fraction_db_041.xlsx,True,True,test
petroleum_fraction_db_047,petroleum_fraction_db_047,Petroleum fraction 047,data/experimental_db/petroleum_fraction_dataset/test/petroleum_fraction_db_047.xlsx,True,True,test
petroleum_fraction_db_048,petroleum_fraction_db_048,Petroleum fraction 048,data/experimental_db/petroleum_fraction_dataset/test/petroleum_fraction_db_048.xlsx,True,True,test
petroleum_fraction_db_053,petroleum_fraction_db_053,Petroleum fraction 053,data/experimental_db/petroleum_fraction_dataset/test/petroleum_fraction_db_053.xlsx,True,True,test
petroleum_fraction_db_056,petroleum_fraction_db_056,Petroleum fraction 056,data/experimental_db/petroleum_fraction_dataset/test/petroleum_fraction_db_056.xlsx,True,True,test
petroleum_fraction_db_061,petroleum_fraction_db_061,Petroleum fraction 061,data/experimental_db/petroleum_fraction_dataset/test/petroleum_fraction_db_061.xlsx,True,True,test
petroleum_fraction_db_065,petroleum_fraction_db_065,Petroleum fraction 065,data/experimental_db/petroleum_fraction_dataset/test/petroleum_fraction_db_065.xlsx,True,True,test
petroleum_fraction_db_067,petroleum_fraction_db_067,Petroleum fraction 067,data/experimental_db/petroleum_fraction_dataset/test/petroleum_fraction_db_067.xlsx,True,True,test
petroleum_fraction_db_001,petroleum_fraction_db_001,Petroleum fraction 001,data/experimental_db/petroleum_fraction_dataset/train/petroleum_fraction_db_001.xlsx,True,True,train
petroleum_fraction_db_002,petroleum_fraction_db_002,Petroleum fraction 002,data/experimental_db/petroleum_fraction_dataset/train/petroleum_fraction_db_002.xlsx,True,True,train
petroleum_fraction_db_003,petroleum_fraction_db_003,Petroleum fraction 003,data/experimental_db/petroleum_fraction_dataset/train/petroleum_fraction_db_003.xlsx,True,True,train
petroleum_fraction_db_004,petroleum_fraction_db_004,Petroleum fraction 004,data/experimental_db/petroleum_fraction_dataset/train/petroleum_fraction_db_004.xlsx,True,True,train
petroleum_fraction_db_005,petroleum_fraction_db_005,Petroleum fraction 005,data/experimental_db/petroleum_fraction_dataset/train/petroleum_fraction_db_005.xlsx,True,True,train
petroleum_fraction_db_006,petroleum_fraction_db_006,Petroleum fraction 006,data/experimental_db/petroleum_fraction_dataset/train/petroleum_fraction_db_006.xlsx,True,True,train
petroleum_fraction_db_008,petroleum_fraction_db_008,Petroleum fraction 008,data/experimental_db/petroleum_fraction_dataset/train/petroleum_fraction_db_008.xlsx,True,True,train
petroleum_fraction_db_009,petroleum_fraction_db_009,Petroleum fraction 009,data/experimental_db/petroleum_fraction_dataset/train/petroleum_fraction_db_009.xlsx,True,True,train
petroleum_fraction_db_010,petroleum_fraction_db_010,Petroleum fraction 010,data/experimental_db/petroleum_fraction_dataset/train/petroleum_fraction_db_010.xlsx,True,True,train
petroleum_fraction_db_011,petroleum_fraction_db_011,Petroleum fraction 011,data/experimental_db/petroleum_fraction_dataset/train/petroleum_fraction_db_011.xlsx,True,True,train
petroleum_fraction_db_012,petroleum_fraction_db_012,Petroleum fraction 012,data/experimental_db/petroleum_fraction_dataset/train/petroleum_fraction_db_012.xlsx,True,True,train
petroleum_fraction_db_014,petroleum_fraction_db_014,Petroleum fraction 014,data/experimental_db/petroleum_fraction_dataset/train/petroleum_fraction_db_014.xlsx,True,True,train
petroleum_fraction_db_016,petroleum_fraction_db_016,Petroleum fraction 016,data/experimental_db/petroleum_fraction_dataset/train/petroleum_fraction_db_016.xlsx,True,True,train
petroleum_fraction_db_017,petroleum_fraction_db_017,Petroleum fraction 017,data/experimental_db/petroleum_fraction_dataset/train/petroleum_fraction_db_017.xlsx,True,True,train
petroleum_fraction_db_018,petroleum_fraction_db_018,Petroleum fraction 018,data/experimental_db/petroleum_fraction_dataset/train/petroleum_fraction_db_018.xlsx,True,True,train
petroleum_fraction_db_019,petroleum_fraction_db_019,Petroleum fraction 019,data/experimental_db/petroleum_fraction_dataset/train/petroleum_fraction_db_019.xlsx,True,True,train
petroleum_fraction_db_020,petroleum_fraction_db_020,Petroleum fraction 020,data/experimental_db/petroleum_fraction_dataset/train/petroleum_fraction_db_020.xlsx,True,True,train
petroleum_fraction_db_021,petroleum_fraction_db_021,Petroleum fraction 021,data/experimental_db/petroleum_fraction_dataset/train/petroleum_fraction_db_021.xlsx,True,True,train
petroleum_fraction_db_022,petroleum_fraction_db_022,Petroleum fraction 022,data/experimental_db/petroleum_fraction_dataset/train/petroleum_fraction_db_022.xlsx,True,True,train
petroleum_fraction_db_023,petroleum_fraction_db_023,Petroleum fraction 023,data/experimental_db/petroleum_fraction_dataset/train/petroleum_fraction_db_023.xlsx,True,True,train
petroleum_fraction_db_025,petroleum_fraction_db_025,Petroleum fraction 025,data/experimental_db/petroleum_fraction_dataset/train/petroleum_fraction_db_025.xlsx,True,True,train
petroleum_fraction_db_026,petroleum_fraction_db_026,Petroleum fraction 026,data/experimental_db/petroleum_fraction_dataset/train/petroleum_fraction_db_026.xlsx,True,True,train
petroleum_fraction_db_028,petroleum_fraction_db_028,Petroleum fraction 028,data/experimental_db/petroleum_fraction_dataset/train/petroleum_fraction_db_028.xlsx,True,True,train
petroleum_fraction_db_029,petroleum_fraction_db_029,Petroleum fraction 029,data/experimental_db/petroleum_fraction_dataset/train/petroleum_fraction_db_029.xlsx,True,True,train
petroleum_fraction_db_030,petroleum_fraction_db_030,Petroleum fraction 030,data/experimental_db/petroleum_fraction_dataset/train/petroleum_fraction_db_030.xlsx,True,True,train
petroleum_fraction_db_031,petroleum_fraction_db_031,Petroleum fraction 031,data/experimental_db/petroleum_fraction_dataset/train/petroleum_fraction_db_031.xlsx,True,True,train
petroleum_fraction_db_032,petroleum_fraction_db_032,Petroleum fraction 032,data/experimental_db/petroleum_fraction_dataset/train/petroleum_fraction_db_032.xlsx,True,True,train
petroleum_fraction_db_033,petroleum_fraction_db_033,Petroleum fraction 033,data/experimental_db/petroleum_fraction_dataset/train/petroleum_fraction_db_033.xlsx,True,True,train
petroleum_fraction_db_034,petroleum_fraction_db_034,Petroleum fraction 034,data/experimental_db/petroleum_fraction_dataset/train/petroleum_fraction_db_034.xlsx,True,True,train
petroleum_fraction_db_035,petroleum_fraction_db_035,Petroleum fraction 035,data/experimental_db/petroleum_fraction_dataset/train/petroleum_fraction_db_035.xlsx,True,True,train
petroleum_fraction_db_036,petroleum_fraction_db_036,Petroleum fraction 036,data/experimental_db/petroleum_fraction_dataset/train/petroleum_fraction_db_036.xlsx,True,True,train
petroleum_fraction_db_037,petroleum_fraction_db_037,Petroleum fraction 037,data/experimental_db/petroleum_fraction_dataset/train/petroleum_fraction_db_037.xlsx,True,True,train
petroleum_fraction_db_038,petroleum_fraction_db_038,Petroleum fraction 038,data/experimental_db/petroleum_fraction_dataset/train/petroleum_fraction_db_038.xlsx,True,True,train
petroleum_fraction_db_040,petroleum_fraction_db_040,Petroleum fraction 040,data/experimental_db/petroleum_fraction_dataset/train/petroleum_fraction_db_040.xlsx,True,True,train
petroleum_fraction_db_042,petroleum_fraction_db_042,Petroleum fraction 042,data/experimental_db/petroleum_fraction_dataset/train/petroleum_fraction_db_042.xlsx,True,True,train
petroleum_fraction_db_043,petroleum_fraction_db_043,Petroleum fraction 043,data/experimental_db/petroleum_fraction_dataset/train/petroleum_fraction_db_043.xlsx,True,True,train
petroleum_fraction_db_044,petroleum_fraction_db_044,Petroleum fraction 044,data/experimental_db/petroleum_fraction_dataset/train/petroleum_fraction_db_044.xlsx,True,True,train
petroleum_fraction_db_045,petroleum_fraction_db_045,Petroleum fraction 045,data/experimental_db/petroleum_fraction_dataset/train/petroleum_fraction_db_045.xlsx,True,True,train
petroleum_fraction_db_046,petroleum_fraction_db_046,Petroleum fraction 046,data/experimental_db/petroleum_fraction_dataset/train/petroleum_fraction_db_046.xlsx,True,True,train
petroleum_fraction_db_049,petroleum_fraction_db_049,Petroleum fraction 049,data/experimental_db/petroleum_fraction_dataset/train/petroleum_fraction_db_049.xlsx,True,True,train
petroleum_fraction_db_050,petroleum_fraction_db_050,Petroleum fraction 050,data/experimental_db/petroleum_fraction_dataset/train/petroleum_fraction_db_050.xlsx,True,True,train
petroleum_fraction_db_051,petroleum_fraction_db_051,Petroleum fraction 051,data/experimental_db/petroleum_fraction_dataset/train/petroleum_fraction_db_051.xlsx,True,True,train
petroleum_fraction_db_052,petroleum_fraction_db_052,Petroleum fraction 052,data/experimental_db/petroleum_fraction_dataset/train/petroleum_fraction_db_052.xlsx,True,True,train
petroleum_fraction_db_054,petroleum_fraction_db_054,Petroleum fraction 054,data/experimental_db/petroleum_fraction_dataset/train/petroleum_fraction_db_054.xlsx,True,True,train
petroleum_fraction_db_055,petroleum_fraction_db_055,Petroleum fraction 055,data/experimental_db/petroleum_fraction_dataset/train/petroleum_fraction_db_055.xlsx,True,True,train
petroleum_fraction_db_057,petroleum_fraction_db_057,Petroleum fraction 057,data/experimental_db/petroleum_fraction_dataset/train/petroleum_fraction_db_057.xlsx,True,True,train
petroleum_fraction_db_058,petroleum_fraction_db_058,Petroleum fraction 058,data/experimental_db/petroleum_fraction_dataset/train/petroleum_fraction_db_058.xlsx,True,True,train
petroleum_fraction_db_059,petroleum_fraction_db_059,Petroleum fraction 059,data/experimental_db/petroleum_fraction_dataset/train/petroleum_fraction_db_059.xlsx,True,True,train
petroleum_fraction_db_060,petroleum_fraction_db_060,Petroleum fraction 060,data/experimental_db/petroleum_fraction_dataset/train/petroleum_fraction_db_060.xlsx,True,True,train
petroleum_fraction_db_062,petroleum_fraction_db_062,Petroleum fraction 062,data/experimental_db/petroleum_fraction_dataset/train/petroleum_fraction_db_062.xlsx,True,True,train
petroleum_fraction_db_063,petroleum_fraction_db_063,Petroleum fraction 063,data/experimental_db/petroleum_fraction_dataset/train/petroleum_fraction_db_063.xlsx,True,True,train
petroleum_fraction_db_064,petroleum_fraction_db_064,Petroleum fraction 064,data/experimental_db/petroleum_fraction_dataset/train/petroleum_fraction_db_064.xlsx,True,True,train
petroleum_fraction_db_066,petroleum_fraction_db_066,Petroleum fraction 066,data/experimental_db/petroleum_fraction_dataset/train/petroleum_fraction_db_066.xlsx,True,True,train
petroleum_fraction_db_068,petroleum_fraction_db_068,Petroleum fraction 068,data/experimental_db/petroleum_fraction_dataset/train/petroleum_fraction_db_068.xlsx,True,True,train
