target_property,scenario,method,n,MAE,RMSE,MRE_percent,MAPE_percent,bias,median_abs_error,range_hit_rate
BP_20,analysis_only,correlation_weighted,14,31.544783,42.537045,0.859007,8.936721,-7.820074,13.53086,0.5
BP_20,analysis_only,equal_weight,14,39.59064,54.472256,2.556576,11.709298,-5.419027,15.843947,0.5
BP_20,analysis_plus_non_target_bulk,correlation_weighted,14,30.313087,39.313936,1.532593,8.701031,-4.666025,17.589295,0.428571
BP_20,analysis_plus_non_target_bulk,equal_weight,14,36.460227,48.381089,3.354748,11.140926,-1.295335,19.097329,0.5
BP_35,analysis_only,correlation_weighted,14,24.599595,37.856951,-0.211602,6.393702,-8.896243,9.056727,0.714286
BP_35,analysis_only,equal_weight,14,32.163341,48.899163,1.422089,8.819497,-5.715143,13.386733,0.642857
BP_35,analysis_plus_non_target_bulk,correlation_weighted,14,22.27592,33.77814,0.602823,5.990172,-5.030621,8.185959,0.642857
BP_35,analysis_plus_non_target_bulk,equal_weight,14,28.135882,42.639353,2.194134,8.039861,-1.494154,13.2681,0.642857
BP_50,analysis_only,correlation_weighted,14,23.629557,34.36017,-0.4697,6.169607,-8.471854,13.594677,0.714286
BP_50,analysis_only,equal_weight,14,29.212951,45.666284,0.764365,7.781303,-6.248658,12.598091,0.785714
BP_50,analysis_plus_non_target_bulk,correlation_weighted,14,20.860267,31.562502,0.033114,5.607616,-5.81335,9.912116,0.785714
BP_50,analysis_plus_non_target_bulk,equal_weight,14,23.720267,39.667609,1.620421,6.660246,-1.570636,10.668531,0.785714
BP_65,analysis_only,correlation_weighted,14,27.665649,37.551261,-0.964565,6.992296,-10.670142,21.080645,0.785714
BP_65,analysis_only,equal_weight,14,31.214882,46.371821,0.171692,8.044884,-8.247067,17.114334,0.785714
BP_65,analysis_plus_non_target_bulk,correlation_weighted,14,22.882486,32.958732,-0.692582,5.921231,-8.539508,14.062511,0.785714
BP_65,analysis_plus_non_target_bulk,equal_weight,14,25.52675,40.983029,0.923247,6.909686,-3.913051,13.993086,0.785714
BP_80,analysis_only,correlation_weighted,14,33.539565,45.838832,-1.7182,7.764656,-15.192232,16.803443,0.714286
BP_80,analysis_only,equal_weight,14,37.15273,52.201539,-0.636367,8.776807,-12.538031,22.834386,0.714286
BP_80,analysis_plus_non_target_bulk,correlation_weighted,14,31.063274,41.551012,-1.421142,7.204879,-12.844814,18.702818,0.714286
BP_80,analysis_plus_non_target_bulk,equal_weight,14,31.494457,45.080119,-0.380975,7.451209,-9.461588,17.469213,0.714286
density_20c,analysis_only,correlation_weighted,14,0.023186,0.036337,-0.865166,2.481171,-0.009682,0.009543,0.857143
density_20c,analysis_only,equal_weight,14,0.024607,0.036955,-0.695545,2.642915,-0.008213,0.013756,0.857143
density_20c,analysis_plus_non_target_bulk,correlation_weighted,14,0.020298,0.03072,-0.575975,2.19484,-0.006714,0.008018,0.857143
density_20c,analysis_plus_non_target_bulk,equal_weight,14,0.022332,0.034051,-0.589797,2.39681,-0.007066,0.009032,0.857143
saturates,analysis_only,correlation_weighted,14,9.076503,13.064225,17.192669,21.839798,4.946088,5.694453,0.857143
saturates,analysis_only,equal_weight,14,8.12239,11.263298,13.548618,19.066987,3.228974,6.330688,0.857143
saturates,analysis_plus_non_target_bulk,correlation_weighted,14,7.635919,10.03752,11.51944,17.022081,2.757387,5.464949,0.928571
saturates,analysis_plus_non_target_bulk,equal_weight,14,7.285554,10.328128,12.397588,17.376998,2.899575,5.190498,0.928571
