,gc_fid:pca:pc1,gc_fid:pca:pc2,gc_fid:pca:pc3,gc_fid:pca:pc4,gc_fid:pca:pc5,gc_fid:pls:density_20c:lv1,gc_fid:pls:density_20c:lv2,gc_fid:pls:density_20c:lv3,gc_fid:pls:density_20c:lv4,gc_fid:pls:saturates:lv1,gc_fid:pls:saturates:lv2,gc_fid:pls:saturates:lv3,gc_fid:pls:saturates:lv4,gc_fid:pls:bp_20:lv1,gc_fid:pls:bp_20:lv2,gc_fid:pls:bp_20:lv3,gc_fid:pls:bp_20:lv4,gc_fid:pls:bp_35:lv1,gc_fid:pls:bp_35:lv2,gc_fid:pls:bp_35:lv3,gc_fid:pls:bp_35:lv4,gc_fid:pls:bp_50:lv1,gc_fid:pls:bp_50:lv2,gc_fid:pls:bp_50:lv3,gc_fid:pls:bp_50:lv4,gc_fid:pls:bp_65:lv1,gc_fid:pls:bp_65:lv2,gc_fid:pls:bp_65:lv3,gc_fid:pls:bp_65:lv4,gc_fid:pls:bp_80:lv1,gc_fid:pls:bp_80:lv2,gc_fid:pls:bp_80:lv3,gc_fid:pls:bp_80:lv4,ir_spectrum:pca:pc1,ir_spectrum:pca:pc2,ir_spectrum:pca:pc3,ir_spectrum:pca:pc4,ir_spectrum:pca:pc5,ir_spectrum:pls:density_20c:lv1,ir_spectrum:pls:density_20c:lv2,ir_spectrum:pls:density_20c:lv3,ir_spectrum:pls:density_20c:lv4,ir_spectrum:pls:saturates:lv1,ir_spectrum:pls:saturates:lv2,ir_spectrum:pls:saturates:lv3,ir_spectrum:pls:saturates:lv4,ir_spectrum:pls:bp_20:lv1,ir_spectrum:pls:bp_20:lv2,ir_spectrum:pls:bp_20:lv3,ir_spectrum:pls:bp_20:lv4,ir_spectrum:pls:bp_35:lv1,ir_spectrum:pls:bp_35:lv2,ir_spectrum:pls:bp_35:lv3,ir_spectrum:pls:bp_35:lv4,ir_spectrum:pls:bp_50:lv1,ir_spectrum:pls:bp_50:lv2,ir_spectrum:pls:bp_50:lv3,ir_spectrum:pls:bp_50:lv4,ir_spectrum:pls:bp_65:lv1,ir_spectrum:pls:bp_65:lv2,ir_spectrum:pls:bp_65:lv3,ir_spectrum:pls:bp_65:lv4,ir_spectrum:pls:bp_80:lv1,ir_spectrum:pls:bp_80:lv2,ir_spectrum:pls:bp_80:lv3,ir_spectrum:pls:bp_80:lv4
petroleum_fraction_db_001,-8.706919925533386,-14.881434567734017,2.208871927714515,-6.238636899102527,0.198694938126164,5.846818586291367,-2.911667467562,1.4536193997718372,5.847739900811729,-4.906907825329185,2.979014006521941,-5.966858415592057,4.306764262452895,7.641407821147055,-4.174543354369658,-0.1631982468464545,-8.94422948663142,7.419899546719037,-4.702199767466983,0.0517393377286941,-9.94563330451897,7.502777996438178,-4.395192707516106,-0.6948969948281327,-7.673111343668619,7.819813127210363,-3.478013216332564,-3.0600180367364365,9.450870431661148,8.300661065140519,-2.0518031920194413,-5.421848652238338,5.680980123684417,-77.58144714757272,17.044718336832997,-3.436858898795113,9.184068625238,-12.0493364064666,74.42850951331471,0.1966959118546827,20.749604821034744,2.4449067634903443,-78.16256097823073,-9.8614714191204,-5.085608804681757,6.891815990546535,10.389468505575168,-59.79311241307687,2.9562043569530294,-13.787875007286123,13.674196505741572,-51.51842508796442,1.3862009009914054,-15.46468530972478,15.050942970773535,-48.18943481448328,-0.307563034223699,-15.953792988682611,18.45396893828553,-40.19921634445805,-1.859389688802,-13.05135458102654,25.23643268924448,-26.722805300265936,-3.806841372100127,12.332854781882636
petroleum_fraction_db_002,-11.56882473470713,-16.625672717034035,3.5239319962122315,1.9838239354104776,-1.388004271929299,7.156145164640721,-5.073896261727566,0.432203600190551,3.6573513202504415,-4.874603247535379,7.296934542242786,-3.516535354095371,7.2269271818987235,10.129614733976256,-5.8326898205307245,-1.4626421365165128,-14.412444589380314,9.94482632805385,-5.974230892932822,-0.5348943434771629,-15.24039089526411,10.07632453194628,-5.355717626889398,-0.4665256397499606,-13.037679663153003,10.470783625332205,-4.080083047703958,-2.071767557982505,6.9205168038953975,11.002687011615627,-2.4486039161423783,-4.152310187057797,8.326691542432393,1.7502945316706116,0.7207091095901839,3.854123897568629,-4.213600013399933,-1.286823201373536,-2.952679745100319,-4.452662616835923,-1.4273898744747884,4.05626852259933,2.324689176207394,3.262589955419413,-4.063218856587878,-3.036039783405573,-3.167493108517084,-3.0351662161773207,2.7918805319363336,3.7954097984441546,-3.079634443661133,-3.82409957788526,2.9495631686413013,3.3731071753107127,-2.926933606263118,-3.746418216024376,3.14808493903907,2.2693465617798134,-2.7939259103927,-3.8179818678867656,3.329755315078505,0.2945126413539952,-2.622949037803922,-3.592537289755648,3.4828300365408094,-0.8944681672034169
petroleum_fraction_db_003,21.170450223453773,18.10963407900805,16.44825218978205,-10.516444396644143,12.291226223976189,-22.504489187211824,-2.923761711618134,11.699537932250696,-3.4534221101474345,21.83160625067744,2.995254675068088,-5.687051195952895,-18.18886687858909,-23.63130201500413,-12.15212420639422,-0.4686173446341704,11.686200241271404,-23.92309468600608,-12.837083017141431,-1.4659054942401948,14.214479904305264,-24.258126545631825,-13.576223442443457,-0.1424911623954229,12.770153319745638,-24.706965438359298,-14.428559066009043,4.350606783630305,-5.353577113306762,-25.21562587088309,-15.132006824223645,8.96137232637599,2.93664352105132,-7.507659347122626,2.4891492636076102,14.864130864221504,0.2865369420970289,-3.18678042354723,5.142214368943094,-7.15777578230419,1.1354609741884811,6.738399725640143,-6.221283162827122,6.430812069633174,-4.136896916735569,8.596233920051528,-14.64381601715668,-31.800970954514536,-3.7467338155907752,-4.356475393966269,-14.187005573400482,-35.084455059297355,-3.4885480627783805,-3.8438062737400553,-13.971261520157354,-35.69812165632432,-3.233690293707206,-3.4621636120732067,-13.430117595075036,-36.15136325025162,-2.9999982056821928,-2.9533099265963867,-12.285852848338578,-34.42037083694206,-2.9613790521084566,-0.0255828768814456
petroleum_fraction_db_004,9.441077108298332,-11.42404133753299,-8.831435362907953,1.1158977521916325,1.672222353553313,-1.9509985144696405,10.03983187111691,-0.5902907697120179,2.287167184014664,1.3903396478553276,-11.427757549893872,-2.912841137587658,4.788175892690568,-8.034989208450561,5.382936606018422,-3.75001005640098,-10.658325852083657,-7.651953490875705,6.924424338205343,-1.879746661367998,-11.716929969515943,-7.2788887261965725,8.25926889288789,-1.1869286806822803,-9.017018921971824,-6.841457544942953,9.593458970633224,-1.594901680422394,5.250943146185535,-6.318460594277498,10.968566080235846,-1.8899639287540893,5.929431577642058,-14.065246486051503,-0.132285847385713,3.124865713956967,-2.6221158832273,-3.055825553471898,12.850027584116445,-2.2989505985377137,0.3779318653002458,5.826419458608771,-13.662537764414733,0.9509693473814618,-5.466980993205511,-4.579942001499952,-0.3060914235608119,-14.1414724693828,2.5646900462986757,3.944436938884042,0.4352956374895732,-12.988664897876648,2.805657508602323,3.7690470432730394,0.7669803125793591,-12.331125622766995,3.0830932224553127,2.9476633298395964,1.4574203368459822,-10.94903464090178,3.3839388122957392,1.2935836537085206,2.7719460435094243,-8.43933573513005,3.663076354984944,-0.5250528534891011
petroleum_fraction_db_005,-25.22102438126988,18.80509759458496,-2.71641115600826,7.364669865983571,5.5870021254921,21.07596089653545,-2.2791570676350887,0.8962715952327074,-6.97329480693169,-20.325604310742644,5.255825691479852,4.202569668114275,-9.517168428335117,25.4503613951579,1.6168127089371458,-2.5759894537848917,10.367298046327027,25.67248516478197,2.544242965727972,-1.840132619362604,10.92174297416658,25.50085346556364,2.0354136823613938,-1.098840570742306,7.151997542784926,25.0891342245004,1.0144467890643198,2.4126316542895907,-14.790511844120823,24.41413574225147,-0.8298785529641246,5.769685679490574,-10.31112516452573,-20.187254212745188,-1.649190574079395,-2.7512502167395168,-3.1055110666785186,-2.1414646147372656,19.60371037889801,0.7189557330047219,0.202402003159594,4.851133384714904,-20.22985603486141,-2.030831890916778,-5.193982040567536,-9.687417513360923,7.201563690268745,-7.62749174827142,5.434605576409036,7.879913977176068,8.185958433025636,-3.986667789400859,5.649513269427482,7.378739319987224,8.577637194942486,-2.666542886230248,5.905884444624439,6.03693096200278,9.406555615295526,-0.2075783602036325,6.197600633864107,3.467094185023151,10.97080456999698,3.005650854351027,6.553615213912341,-0.7219889282734864
petroleum_fraction_db_006,-19.6229357590336,32.3001570234898,-23.72426129605505,-17.254814895639743,-1.635559510183854,27.220538871274425,14.42344389366622,-2.606846320338135,-3.2916354030238475,-33.535261448744734,-21.872481612477053,1.5157066182798928,-16.234166507905087,24.03160584040417,19.391839037329632,-4.197370553577002,27.53150871784952,24.63171875656529,20.2984665718002,-6.3226144795452,26.43283670972486,24.646098996267582,20.154537528891595,-6.182826538870889,25.75339957646524,24.033275528833123,18.28242661742957,-2.066677449732558,-11.073026262090863,23.22330310266376,16.06762430765178,6.508600172468089,-18.81870674049757,-31.04686767355178,-1.205394712971433,-7.8664833038341,-3.002560416323336,-0.8421780508749341,30.62426694627876,2.793434675363504,1.625538195547458,4.181728541109566,-31.544353230015357,-5.493470023317152,-6.450023523714034,-15.032110943982255,14.4117619808055,-6.220275243394589,8.90551617457195,10.390361324345124,15.925321963082146,0.3130821033877885,9.15633466357614,9.537359523560191,16.527327603474944,2.5686213434360865,9.348884534022702,7.406109028892125,17.76325428422341,6.620530588782092,9.540174084880602,3.6093830599998737,20.07696808431001,11.493473046421409,9.787756905217051,-0.6059451868777763
petroleum_fraction_db_007,-3.2289652049315203,-16.100359847316664,1.204202302422944,-3.390012087418792,-1.7297065815545525,1.5248939174724554,-2.5187832460983044,-1.4756810527980702,3.246912152722204,-0.7712286069082797,2.199123311294919,-3.0687259840453045,9.690185323507038,2.2961897808270813,-4.160839605781197,-2.5886599114256965,-13.097563213363507,2.16416307881191,-4.287631973294154,-2.3414267376272893,-14.990859617485206,2.3191000230111456,-3.678726733863948,-3.2783150324197723,-13.352511514090946,2.7054881816932763,-2.5132145221577344,-5.792894383500095,4.717601213580887,3.2602032523226163,-0.8650778437650979,-7.8501439318335855,1.162802434097287,2.197173679735972,-1.0271254784531865,3.909987174486385,-3.0433845468274203,0.1785324182639749,-3.057731884410609,-3.373530661361011,-3.0720236982305837,1.6298944180616368,2.864689111148517,3.875412708965857,-0.8910467853670283,0.3807823469848039,-3.658979675234147,-3.74120091644234,0.243614582646436,2.122284407170473,-3.695614999897476,-4.835318867816192,0.3743469406292107,1.9847423801131776,-3.670797302517364,-5.034676838180585,0.6084064073117834,1.5423462228281888,-3.681569950660324,-5.443035508346869,0.8398933517157223,0.3661416015063192,-3.710914941054856,-5.619591743543484,1.1121790731016972,-2.442991064538609
petroleum_fraction_db_008,-19.641233350594568,-2.6364195322517663,11.586070177345254,3.8857840781151936,-1.372750738452183,9.11161989624306,-12.769845930385085,3.0974534865543824,1.798881245434505,-5.926974100208976,17.44463309638931,-0.7612690519605989,-1.0519063617569782,17.19421032955143,-9.328123614231066,3.8124247611886855,-0.8935340854974161,16.694767580423175,-10.841167629926732,3.228802529655575,-0.0163737822690479,16.429385454876943,-11.70753151414917,2.904275406169155,-1.031995758921897,16.331550762462022,-11.955129326773546,2.292405162110736,1.8603859927315427,16.232468569430257,-12.10821441033264,0.3992808481530286,4.336952596347222,1.6794126329795,0.8628146190047378,-6.1928312365623714,-4.776671219264768,0.7183275455361309,-2.039757698357878,-1.5537243321966383,-2.701113870174868,-3.046115008363567,1.9911592623382053,1.9441096358643255,3.7614920124035303,-2.66012710607201,5.2364721243322245,10.145848793023236,-0.3757399159577312,-2.4449400515030484,5.129849699049423,11.450694913758385,-0.6041926300696228,-2.630899922858056,5.21593471542181,12.001829828705104,-0.7557061458293896,-2.6187127176152867,5.235417396036526,12.655028406790688,-0.8611901802452286,-2.657686158496816,5.118954138298916,12.693734156009237,-0.9453687198937174,-2.480236135656537
petroleum_fraction_db_009,-2.1283776227562257,-14.829342129010085,-0.2073291879862697,-5.329508743718561,0.7865431695784494,1.7855346646575618,-0.4009110903470687,-0.6917651264003224,2.299995952394009,-1.3802254365960462,-0.2863785377067506,-3.811438447450394,8.62415077718514,1.6114459549254656,-2.228531629889436,-1.442207270432602,-10.768968198081303,1.50741102810866,-2.3975519867993653,-1.2502951268677651,-12.339550030880469,1.6422220554082427,-1.9610420635334147,-2.4249664244170104,-11.010250252687298,1.9875894840805772,-0.9960887761131672,-5.124728135069101,5.18963314602035,2.4881299687038654,0.3988789388334972,-7.516191279515032,0.4489225202738613,14.081984137592372,0.9831861240804642,2.195207855137761,-3.2531871873217737,1.2883298990422074,-14.621536279452624,-3.8547740927309486,-2.471467739956384,-0.2960591886421589,14.454386543386056,3.2366442318125266,-0.9786096618254394,-0.916692163028918,-3.77721836045424,7.999313488261524,1.0166190744715196,0.787978270492692,-4.281478799124423,6.0546697145461765,1.0607253853463958,0.4638020029657836,-4.35213534275069,5.636686750610716,1.1373482510920656,-0.1964917448744494,-4.752568246196056,4.417309733575113,1.167425953189189,-1.408448825388862,-5.636207582111016,2.611783590714856,1.1697330254792278,-1.6059492308637722
petroleum_fraction_db_010,5.5722654034607375,-7.491679945535268,-6.54127674600128,-0.718480458859812,4.622046859673857,-0.0429484923446788,7.712812490087646,-0.2508433704099312,-3.2904423903683337,0.1484618230924322,-7.517523431321012,-0.2461201542768457,7.979981815211468,-4.097613982695582,6.617067313052796,1.6735285312852728,-7.729614181783359,-3.990922875870302,6.613812892110801,1.563203268070069,-7.611937446034104,-3.893250565464866,6.602328020560644,0.1466591665416509,-8.54510123650256,-3.725664279446748,6.791365698660768,-2.3596598150657777,-1.656363064723149,-3.517903708976153,6.949040128296673,-5.006435850376202,-4.705177305585001,10.60414892388816,2.8053555416421108,3.424670303965693,-0.2197408440334926,-0.7322696391693158,-11.008954117426558,-2.8123707970318312,1.0966362194409864,0.4145936954460768,10.673055961480491,1.2422382080451917,-1.756674676149526,2.71947399398188,-4.686216357712658,3.138808577987765,1.5434492386221503,-0.2376236071255623,-5.047322776438451,1.1400771415927222,1.4359465895799683,-0.7672504680115031,-5.087328870731064,0.6901812145764457,1.3136185549361308,-1.5567557403440078,-5.343938916289027,-0.3642762898927948,1.1511950145692729,-2.511962560692301,-5.891749038630623,-1.574214084204257,0.9113668109202268,0.2332005016082713
petroleum_fraction_db_011,-12.692225773814734,-8.414330974285607,10.50979608290871,-3.010621649360182,-1.8155304807344148,4.094620653257397,-11.106362046566105,1.855328613646325,2.9848444818218884,-1.9517160109155276,13.437117609749588,-2.6205835907165853,3.161218999639737,10.464966222008652,-8.545992710648482,4.389427819150054,-2.749991679695631,9.904661003876855,-10.437273501839526,3.224018289504505,-2.536999836978896,9.686744563531406,-11.25835057973388,1.91883428185304,-2.678631867393201,9.706078564160462,-11.289006600124782,-0.4303872874732126,6.188971645469477,9.820622438655022,-10.90731219872234,-3.5770497296919155,3.6124078679851994,8.236203921455422,-0.2156519256243348,0.8676385180499078,-1.0039704938922267,0.5692265513299485,-8.162365705181742,-0.8928074932061334,-1.060128893016044,-0.0601231648508378,8.242221605079575,0.7140930782843985,-0.7151299727470359,-0.2782838262787989,-1.1808125511442076,6.559357428635308,2.1489107131954417,3.3185686524539504,-1.4944316452641029,5.634560791909708,2.124532139963401,2.864724063664702,-1.5840600802606062,5.358768536494749,2.1550165979078453,2.180722481888312,-1.8796764004995068,4.601947617625586,2.1645694379228653,1.1035404035148857,-2.483195358658074,3.3732487239660776,2.188612125927645,0.0081988564299519
petroleum_fraction_db_012,-18.43443741365577,5.4580794590447095,13.001735358808318,10.846719578342784,3.643541866034644,7.815113528884893,-12.892161485619068,3.6578553379008505,-5.568420310412418,-3.9099948732684497,19.597395725281476,2.427912794699898,-4.204372496460279,16.43669396356883,-6.791735623363877,8.530325735832323,4.701463126837969,15.937446342046949,-8.563817361318044,7.990171184301985,7.998391501766097,15.49682513791686,-10.223897032753433,7.984312923533763,4.7064701943919545,15.141201196806238,-11.373661198448628,8.167782950439635,-2.188066415211922,14.653181509726618,-12.876433213220258,5.6842327132683605,4.851175160703452,7.839270555994493,0.3087006314361246,-0.0919697973739167,-2.3137225704483466,0.6176881521726679,-8.006089358545896,-1.6845733400155816,-1.4398820583073286,-0.1275572052780375,7.954029780863008,1.2881661684406316,-0.5432280063482418,-1.35473005555188,-0.1672691010858605,7.90903423126686,2.840726586657216,3.736942958173716,-0.4504057232138901,7.304037705119484,2.751897662352057,3.128484831730772,-0.4910270956713947,7.192800121120154,2.725212588803995,2.263312058990242,-0.7342010959454881,6.65238669822021,2.674013735750433,1.0170678040699452,-1.2719739017530305,5.592280773623388,2.620048392794509,0.2915275850980425
petroleum_fraction_db_013,-18.09546097665583,25.0041587988755,-6.620462331926719,3.609303016667407,8.215866917999325,17.862155090671575,2.7706292617542085,1.078773323357259,-7.742489750107302,-18.429920512500853,-1.1456104035436,5.4709315143906565,-10.996351143893085,19.478518269444123,6.493268820540434,-1.263743902619071,17.162071693764773,19.81122681000752,7.414179464143601,-1.1838107081401257,17.72949193426384,19.567952596872782,6.389294857983048,-1.6470254515116796,11.924696651759971,18.98129460633,4.641007128585739,1.2344264365367792,-19.102268866796518,18.07476499933513,1.8843382547544985,4.21894198572176,-19.736057034052685,52.06243456779047,10.477747852156938,-3.643596710330192,6.538672379419369,3.654588265212449,-49.61718189717912,1.7101447414339828,10.145356842250594,-3.867304125894439,50.04369709086403,-6.847327679913199,-1.1286278491916444,3.715014804372659,-3.704724864102385,46.57569917210925,5.797570767650663,-3.751693594464129,-5.70048125555834,41.96739476652283,5.458564191045717,-4.726285358326859,-6.213127176878143,40.55042881853434,4.601817722197354,-6.061126461957484,-7.9914562197750545,36.42248120196436,3.490821152752565,-6.041999319817791,-11.740486936585244,29.05752951208289,1.9653738136008887,9.120104096902566
petroleum_fraction_db_014,-20.047721934797345,-8.80672844184172,-4.994867013143907,-0.2875633461265652,1.0672437016961285,19.735381740426117,3.612133688756626,5.618017937619427,9.406865842386642,-18.634295999028165,-2.3171242333397517,-9.164559989597445,-8.694065189027281,19.955767069015963,-0.080179857531978,-5.042652216401278,-10.783719701790268,20.092120683162563,0.8335620478208132,-3.5482829591997973,-11.713940168756311,20.34878910741204,2.000041029872693,-2.2483554650112936,-8.52577847921681,20.699937175009765,3.336967162803103,-1.0555481038226286,4.797397590710716,21.138731812899337,4.918998643383711,1.1135082553095454,10.183899891373732,,,,,,,,,,,,,,,,,,,,,,,,,,,,,,,,,
petroleum_fraction_db_015,-9.520760565213294,-11.054634116894992,-9.457205669811088,1.4945306646813563,1.0802711352823904,14.324859804297247,9.903997870459593,5.410971599577414,9.975813554762029,-13.5523239388111,-8.857212282333421,-8.312376042122466,-6.4790653211533,10.698470468345382,5.321459109565221,-3.3912280747267163,-12.827248999432706,10.97613577286963,6.446380737582912,-1.7435148953003483,-13.075601061209827,11.306659880000076,7.660375212656484,-0.7543128555225883,-9.901029029503926,11.722657298899444,8.996597016132842,-0.4691350648692997,5.597691831053651,12.22780411234336,10.470513168396762,0.4469331272242609,10.073431356089689,,,,,,,,,,,,,,,,,,,,,,,,,,,,,,,,,
petroleum_fraction_db_016,15.468835025670346,13.47760542553598,7.742421470648154,-3.503089856279695,-0.6171947093165848,-16.34960215721663,-3.456177965246953,1.2979161775405803,-0.6643204210006183,14.145911947941231,0.1073412408270933,-1.288703863320392,-11.554606962067014,-17.0599610675687,-8.928485180537312,-6.829275604657793,9.912567517023373,-17.033884304577942,-8.340102943587597,-7.604773752468509,6.777816323450735,-17.085641542013946,-7.977916379180037,-6.648581355745147,5.262577449169598,-17.300393683193306,-8.089732061926476,-3.097124635264937,-9.892000927346192,-17.55075265972962,-8.071546673689582,2.287678986417803,-7.092637055656511,-1.383802836171878,-14.961095483363104,2.502148491006377,-1.7736485122876129,-0.7872425699360088,2.923032669053013,5.229664194117099,-10.170820896044994,2.8135802702442474,-0.9254031880768856,2.473524832517861,2.3088989974008176,-2.8723478718396542,-0.7368986471611374,-3.446723766791541,-6.046255314829399,7.193987425988215,-0.9787894269833954,-3.8745743588732218,-5.366940724523597,8.605874885958746,-1.450408363130045,-4.73521716206623,-4.299416284081534,10.212826163060758,-1.9302152589313848,-5.735760677737509,-3.0463815868343023,10.060582718909105,-2.5746083810423745,-7.0496730484248245,-1.202458426553119,-9.951440972279867
petroleum_fraction_db_017,12.591452006101353,1.9922435334490496,-7.918073961310532,8.122631496176439,-3.94108902351102,-5.6342251622823785,8.463326403300048,-2.1620771765639666,0.0877195639926703,5.169445973023014,-8.334818140279289,4.633762070411537,1.6899002140599864,-10.411111149305682,9.30766092452627,1.6799206462203264,-1.1257920617081814,-10.131691137633528,9.79163758883183,1.6411418488626774,-0.3430598920612467,-10.049848088119404,9.78359576728323,1.34090784387151,-1.5775835066003432,-10.063334742820595,9.49616217742237,0.8953866947433584,-4.484707037096467,-10.143536119175444,8.841588392384484,0.255475199004818,-3.9621675383787256,-12.208053359537692,-20.2735412832332,-3.0799836257367046,0.2804907106467511,0.4816525171648327,14.942464061238551,10.759039711144212,-13.267855556893522,-2.407110157459264,-12.087101002035888,-0.2290807814741777,6.734142634435358,-4.60496547213928,5.954179811007101,-3.8142991840259,-9.543320891384557,6.941824286418457,5.932067650644132,-1.8888506135696133,-8.827364442154304,9.186743655833846,5.320256893509683,-2.5069366626364475,-7.674400154646217,12.290843144361448,4.885481600289781,-2.678301658759056,-6.311508339776745,13.996850864171725,4.513662295208803,-3.2599630529889128,-4.0987663052762215,-10.987329366406115
petroleum_fraction_db_018,8.481833980813617,-2.636631937185718,-8.70877228010705,1.2161970397420068,10.475144170266644,1.0927858363029554,14.98591234849922,6.898567267044003,-1.6135885167430064,-0.1369904159014173,-12.08199172321648,-2.380802868819864,0.1606954687008382,-5.780898724097439,12.835298984680588,8.602237471834716,1.062890692209617,-5.574306554481132,12.844458336189792,9.59043490855921,4.92601496132013,-5.517993261647714,12.515468789836422,10.030842641880636,5.723153390122445,-5.483753466063396,12.140923481559168,8.908878930113715,8.727797005455638,-5.50094294977513,11.341535436710451,5.27060685893119,10.15331826661557,-11.097065247972685,-22.643393512885517,-4.991754055783921,0.3214428356430508,0.6186439624229296,14.519338865920208,12.96789655903257,-14.169222881463153,-2.315486275973494,-11.216799985990964,-1.4657676361326906,7.032775724692754,-6.64508796456661,8.233725014911322,1.0400246785557783,-9.193980660520833,9.295173187986164,8.12465583490831,3.469483591292041,-8.380134381878342,11.633659934771105,7.420181568534856,2.846443884229422,-7.105080058984187,14.766271511156802,6.8378530160981255,2.619893689331122,-5.589819638522892,16.187149247549947,6.192333781539389,1.5681026599248151,-3.137572297688938,-11.979572198332182
petroleum_fraction_db_019,8.481833980813617,-2.636631937185718,-8.70877228010705,1.2161970397420068,10.475144170266644,1.0927858363029554,14.98591234849922,6.898567267044003,-1.6135885167430064,-0.1369904159014173,-12.08199172321648,-2.380802868819864,0.1606954687008382,-5.780898724097439,12.835298984680588,8.602237471834716,1.062890692209617,-5.574306554481132,12.844458336189792,9.59043490855921,4.92601496132013,-5.517993261647714,12.515468789836422,10.030842641880636,5.723153390122445,-5.483753466063396,12.140923481559168,8.908878930113715,8.727797005455638,-5.50094294977513,11.341535436710451,5.27060685893119,10.15331826661557,-14.117463133369531,-21.86746513930249,-6.598341330910498,-0.1278653016644744,1.64729406902407,17.36192230907868,12.765639358138692,-14.040672450413542,-3.1823568190119254,-14.242632633363112,-1.7428051069457842,7.426388731386689,-7.35898161662236,10.338663327751114,1.6332046580938546,-7.949420898844371,9.794808997556617,10.384197722609724,4.894129009346982,-7.195262316288775,11.898427440469533,9.764673110545242,4.583525206547309,-6.003337907218722,14.701715064213172,9.32110205041732,4.859849431876068,-4.59098623252314,15.758804329291888,8.918383199207604,4.342225974953635,-2.271988003584594,-11.648749681824038
petroleum_fraction_db_020,12.80448297037921,-3.5219494359861474,-8.97521090859975,5.981132063222413,3.79304275100924,-3.413604978535359,13.1914981620415,2.755955026013839,-0.1766452545498564,3.871665193028091,-11.503621088887712,0.1838540658656018,1.522636529026619,-10.31807957059971,11.06095957372645,4.068279921724261,-4.085478551341203,-10.013918903768651,11.650662898698728,5.083978925920347,-1.751997149561926,-9.863588753689386,11.820129970132722,5.487387473295231,-1.2995351516998208,-9.739193948345038,11.876675609595054,4.779322847101382,3.027856626682394,-9.652099206580267,11.553199141162011,2.6177180359479606,5.518692769696559,-31.4656880221532,-2.640993863666125,0.2813191125681135,4.565749207020487,7.254394603167109,30.94067872869088,2.4124113428816374,-1.4509002668706668,-4.505814327992422,-31.12919606351996,-0.7040164571742626,4.289639338314888,4.894194033539187,4.090700226999317,-24.790020495229907,-1.0573933976433936,0.917947100061673,5.374535124108776,-21.399775324900524,-0.8801169101302361,1.3145752405377071,5.621714305439873,-20.58860604484603,-0.8107305308871136,1.8064245490381243,6.546822662575039,-18.292706661279244,-0.8593457797227148,2.491387678203598,8.612601512642637,-14.285823864648588,-0.9248499851790865,0.6134998857809701
petroleum_fraction_db_021,15.023292481773607,10.027038958025669,1.9024639930724447,2.9358693366211663,-8.827144562565222,-14.565190642437974,-2.604098639427238,-5.097026662322157,0.9667836972169938,12.236361331312718,-1.094079859118127,4.370484330667288,-4.233773935779638,-15.305967835179828,-2.776318308828368,-4.782536814437462,7.846561051211389,-15.175581349912434,-2.1702271692795594,-5.59659461321583,4.961093327326255,-15.179459684113432,-1.934411767746702,-5.486772208957582,3.3307851659370797,-15.344298586883983,-2.1933105456231305,-3.775311418770939,-8.977062725973393,-15.55614217701546,-2.475475990736205,-0.4350369721750866,-9.797279807352943,-22.0709542932919,-11.562873356168282,3.02919487648517,0.4185844366461025,-3.934905286087914,22.69838906421692,5.004746678372804,-5.683990212779875,4.175323814999738,-21.60476716604153,0.7417789553388359,0.6202275949430431,-1.700318511591696,0.5874148593299133,-21.88055666812877,-6.225195897627777,4.100889497003191,1.2329164022768435,-20.446083874275608,-5.763521973771988,5.538121384199505,1.111341472779586,-20.536010826753557,-4.961390328610988,7.527041855463482,1.5183867398176412,-19.590839991342506,-3.966790372322517,8.810201744808436,2.6473054867239507,-17.436490538399184,-2.521017697675349,-5.3800999820371125
petroleum_fraction_db_022,9.459482945068602,-1.5032184185169584,-10.11448157181165,5.097915483348754,6.0399569523106775,0.382360616689854,14.787119012179629,4.592439213966914,-0.9590342075946992,0.53583836427669,-11.81122509513689,0.5165886448039407,1.1303809946839407,-6.390286813418733,14.388787360415389,8.357317247643714,-0.5792172280556117,-6.157003071455634,14.349925935334545,8.894282502904872,3.228832292713413,-6.11382529818502,13.898233008058344,8.823344134495876,2.971194473954821,-6.115033176800787,13.35752778504824,7.370885695555599,4.260420743984085,-6.190711912138819,12.3074880939256,3.750933069809055,5.419571364300578,39.46816412467699,-6.572674896585782,-0.2898816490883686,18.156063668635888,-4.0267718109122885,-32.53855345823054,18.995684526831607,11.108838366153307,4.272044222382641,35.940551477011766,-16.3244509287998,-3.087967755273265,3.5383460860052858,-3.6059474186118745,33.20409474182179,-1.1807801895557066,4.827090380402709,-5.642817197171368,28.680548350512144,-1.16331457832317,5.375936727081792,-6.89509088893066,25.898180771793267,-1.17826349589929,6.894747365444545,-9.0672250857527,20.95958340203009,-0.989502209207386,9.847143116248215,-13.015665651953686,13.04476356692138,-0.6011363182493542,7.028835484020681
petroleum_fraction_db_023,-8.298559800712974,-3.146037870871776,11.42998776477132,-7.924326116570874,-5.270056135077785,0.3473064260387742,-10.393908428432493,3.975372959186587,8.380181473748578,1.2068424713978438,12.402316189193536,-2.137634474564833,-0.4265768370650834,6.38922725618619,-6.846614839756916,8.448024449217982,6.14046468875053,5.678451024637637,-9.749512339311147,5.793152709632043,7.01976731620578,5.299738364906977,-11.346005814656303,3.623175173805147,6.259627252849757,5.0872889053684265,-12.304339698021789,0.3006025951555776,7.76041829471739,4.955540272124344,-12.792286191211977,-3.776666709267479,-0.1494439434193449,40.64393768467529,-8.255171628784474,-2.0992798345699275,16.53409886149465,-4.076868320706026,-33.456962534774604,19.687098051650757,9.684702279054584,4.760615655088625,37.09828069555728,-16.31996546958567,-2.830272916669472,1.4505045987489376,-1.3412442321905038,38.20927214020749,-0.0326131187254232,7.530021071334115,-3.459216417065261,34.158441804099006,-0.0656640792047946,7.736716623965453,-4.751587518540973,31.46365235360341,-0.0272975678047868,8.800720989384667,-7.00755757815784,26.596737617159675,0.2781784061293346,10.73402735138919,-11.13806061843957,18.40184469111869,0.875929934200471,4.683564451626762
petroleum_fraction_db_024,-14.665068576766965,-0.1190446418535735,14.512236808814912,1.9320303284357472,-2.724045742310809,4.218621473018213,-12.880746485334136,5.808233739039327,3.990251341609311,-0.9791358346909717,17.919580206413748,-1.785793860928093,-5.360747907659548,12.286531819231136,-8.493456560648802,9.370495344458933,4.300940789969795,11.572601896295286,-11.203925665514486,7.547216632601107,6.801737834434914,11.151463052816128,-12.798619958115914,6.955869116742006,5.679961022633181,10.885368434064947,-13.75371382934958,5.649815376024364,5.438365523071602,10.617532628039172,-14.537395499928222,2.4814618701675712,7.146015798207002,,,,,,,,,,,,,,,,,,,,,,,,,,,,,,,,,
petroleum_fraction_db_025,10.81169969203549,-8.361903678290119,-9.091456696847004,3.0653556478270425,4.439809808091839,-1.9765398480802632,12.475055592949996,2.0680852447089304,0.8183775588036286,2.1206263781209898,-11.975912581440245,-2.178529476313138,3.1889728872947827,-8.796298841021535,8.652089208255974,0.8593485956720703,-7.472781482613511,-8.449635009877927,9.725390217425971,2.535439397079808,-6.4509514897774665,-8.17826375692905,10.496982022971563,3.285235260345786,-4.4633976256433225,-7.877134491804531,11.23519207628164,2.7148744108591667,6.05894809982071,-7.548124680473181,11.796645717161477,1.170141910855049,8.104787048930017,-45.94234107417475,1.9993081809431088,-6.000419804901986,6.686290146144769,7.136721622536642,45.36200575949512,4.345249818563598,3.99259358929976,-6.294318017167054,-46.2404281277304,-5.447941954965079,4.262400210064549,3.6339674877777526,11.670766204391878,-26.494366222858297,1.4393175141373744,-2.3998658732573115,13.658816310264136,-19.802908767106544,1.4623298851675868,-2.2729042880109125,14.25307029677056,-17.782712193316872,1.1457532494917868,-2.2316022976110617,15.846225198683422,-13.308262516092196,0.6817166007848208,-1.5372157376845468,19.120019801689608,-6.696259134061206,0.050011880508139,3.1001378197139187
petroleum_fraction_db_026,0.7973653053676619,-11.762542525327936,3.0948125570418235,-8.35180314731933,-1.0125611354870954,-3.740625107808923,-5.747564012796259,-5.111445695119272,-0.5434706993468738,3.554705006035052,3.9928319231700815,1.2081967207901294,15.040098644059253,-1.7523881498372418,-4.131635288971189,0.116070520743655,-5.763949573818762,-1.9863218580447004,-4.837593457149597,-0.3108209835317263,-6.837308894968654,-1.9695851428615412,-4.84469293615823,-1.8246865865154271,-5.546478565638677,-1.7685386364189557,-4.379516916931745,-4.895916336534985,6.662675486607245,-1.4250587577920515,-3.4599240426510325,-7.909156086350477,-1.488922788805695,,,,,,,,,,,,,,,,,,,,,,,,,,,,,,,,,
petroleum_fraction_db_027,34.3667007861953,24.08946326789932,27.389929332037006,-15.816633337175434,19.345314956195672,-38.53344914122368,-9.198819136919596,12.004734003954372,-12.727005714447326,39.02969023643991,11.700177823736086,-0.1630489403464399,-16.695450711449666,-35.095435274902385,0.446414521549754,38.83630619919117,39.092279847666624,-36.53201490077134,-7.052642632553798,32.54862941582047,53.2508833855312,-38.06291933669532,-14.20600575372135,26.25498069509632,43.199207412172655,-39.54005131771157,-20.194496979537377,19.761474417216863,8.519645902920406,-41.24092698553997,-26.57487616459004,6.4464557705832295,-4.80551205998879,12.182780852098212,0.8348191035698602,11.869621257242548,-1.2032968090664422,0.1244852643625225,-13.569119023794752,-6.530367936562788,-2.256886169477172,2.8466520927335366,13.18706151743246,6.556609293963802,-2.400096150933849,5.999726775066208,-13.819619943285453,-10.807885161923318,-3.2151873801712494,-2.8489593908048634,-14.226658077096156,-15.332028880553388,-2.9317170703985136,-2.5008676313291467,-14.322753031446451,-16.505203417701132,-2.6347715844920385,-2.4130767109010787,-14.618903795051269,-18.57993580246245,-2.3974545653883723,-2.7573913320602337,-15.16483002632937,-20.07251928949315,-2.239978333181964,-2.703761141321931
petroleum_fraction_db_028,7.743904690572501,-6.319265621713352,-3.610056432733663,0.0813878056928876,-3.0886667013661806,-5.947382250613999,0.0079675328744412,-8.095586071045435,-3.6888834544785816,4.936615696497746,-2.344220767739305,5.4160997962466,14.969097915004522,-7.531594255569087,-0.2326380287569905,-6.221142769891879,-8.826247009848284,-7.321087614175324,0.8174356548231425,-5.657097198965184,-11.18639345672079,-7.072473009810377,1.882503403401644,-5.56812657601386,-10.09539936236868,-6.814085688061617,2.765201073939052,-6.110987821533165,-3.121974860236695,-6.47210039245301,3.869498592717994,-5.183062823433605,-4.464404797994495,20.21451589727789,5.287130592991184,1.51491653092309,-3.629493874252853,1.7837604309175363,-21.229851792666373,-6.291902238838277,-0.9518742957985192,-2.470234340711161,20.674307414602595,4.265344217811448,0.5059070222605864,1.7703722174892604,-5.144733876346956,11.761205770164551,0.0710598523481501,-4.949651481435178,-5.852127405104622,9.096617607791313,-0.0347255729295024,-5.256520745677701,-5.864900654594804,8.67194443493836,-0.228392291969077,-5.778466938659391,-6.33591476863122,7.180131909443043,-0.5362260623787479,-6.286103082796075,-7.456993636180435,4.9372518908324,-1.0065338690186356,-0.5970749723220992
petroleum_fraction_db_029,-0.5955241622963374,-11.887186688254587,-2.3328081838856263,-6.8445003346926665,2.0254049365876656,1.0715035281430492,0.0881260466659377,-3.6578350158907753,-1.46492742714554,-1.141500138272881,-1.1655840190120936,0.4411647342357347,14.083415458010384,0.8191078535703373,1.3089290732053387,1.1460515104275568,-6.649833686215294,0.7472782014923867,0.9722797943834124,1.2258525790185335,-6.954571272225847,0.8371454947348229,1.0921140851934936,0.0300087064370623,-5.4542262515399305,1.0693577382501007,1.5367672358205096,-3.059836056682126,6.921822591252654,1.421313385929187,2.285506791746374,-6.281580301489715,0.1564241540390954,-5.567389494844029,-1.2571730978631006,5.738865440241908,-5.43539084419337,-2.611145581892636,3.876149503096984,-5.213056750073292,-3.4026886668756524,5.369173839771218,-4.483743634515558,5.488577793087408,-3.276655556489036,-2.1204518949894817,-4.176072014494149,-12.200553599679733,1.0449486018132843,4.468197214565621,-3.843122342521725,-12.825802047940725,1.2227815982329129,4.338205366991508,-3.64966526514875,-12.719982186350892,1.5599553620762596,3.801490183928169,-3.2868198437015304,-12.418340405742825,1.911352333462108,2.4927164566975115,-2.594069428800199,-11.221924907006938,2.29847919580123,-1.0450984794706963
petroleum_fraction_db_030,-21.62059903192502,1.5348284363269518,10.192737602063294,4.1358221426730495,-1.2022462339455031,11.10062123318843,-12.626148066735585,2.093604334672716,0.2292375777328433,-8.315619230156042,16.979123813580188,0.7772302670121969,-1.895805711682276,19.42910596431348,-8.261121352484254,3.0830354978392105,2.121905524022363,19.011012835914507,-9.49278235970674,2.6552172438023107,3.1260104779751723,18.746586557896983,-10.30821100689196,2.80873155847686,2.193767884532502,18.56854192844682,-10.762644635583497,2.9949834667482698,0.4379552589496879,18.34797121660037,-11.237453839933972,2.056062622232353,3.312446383495412,-7.683486687134313,-2.7070589938489418,-5.855521163860807,-2.1523579040130216,-0.4603150757679284,8.123279905620182,2.52006361989402,-1.6847632752621826,-0.266181643722724,-7.816415429924936,-1.357300232919048,1.4145642039299184,-4.780330307915735,7.290279439945546,4.314578103076354,0.7371121630177109,2.28564668534646,7.561954819904998,6.84893638129786,0.782638827547882,2.320263511230343,7.641147141069055,7.561385168924611,0.9171972146642906,2.324288748300413,7.853658012800507,8.809835565563946,1.1268470436095597,1.8015772777295045,8.225013948352426,9.78499009421567,1.4669558473261144,-2.3229316281463794
petroleum_fraction_db_031,-13.04945548813446,-11.908877537766468,4.145197521758504,2.3083172247165944,-2.947455800084266,6.885364766957551,-8.194057565354147,-2.8553153786378025,1.167224438945059,-5.176083623800335,9.584984452830822,-0.0508083004532073,8.845107976597335,11.250253298243408,-7.908324085102456,-4.938705848140958,-13.186491997629382,11.141861949785673,-7.541735750127881,-3.774195737296608,-14.423165464113495,11.29828440027535,-6.59999720442892,-2.8743563677934243,-11.881028883277413,11.61212666790033,-5.424023274979283,-3.42940123123136,2.6331641563708037,12.046995418260456,-3.8446516677216382,-3.437297081763247,5.26607864751536,-5.507637515738043,-1.6109672773147397,2.0022125778734687,-1.9892267907889745,-0.2443480834781085,4.924714559330173,-1.3296031629380425,-1.8558218254569048,2.160731152344771,-5.1279180997182685,1.6143588121707897,-1.661391211326075,-1.692592891444841,-0.4767594686703126,-6.109898148245302,1.1083472341049894,3.343129477310572,-0.1786183652352705,-5.733694671804626,1.327996682598948,3.327270796286597,-0.0653297180714843,-5.518760432569362,1.6052964692876874,2.927629746254139,0.172831191984928,-5.079020719780894,1.8757348629507584,1.7958946876512472,0.6418991940441232,-4.208898778516456,2.1907778454788027,-1.3776223526348828
petroleum_fraction_db_032,27.459335371881416,14.84642334684222,13.73112059116569,-3.328023165460814,3.5167360913843173,-28.05801928770731,-4.310839663771694,3.9128075201086863,-3.3008461052857987,26.37287422449514,1.9039770731340384,-1.9336054373368576,-14.997358430910856,-29.224292219965783,-9.217806308391092,0.3626051850644303,11.459981012637662,-29.40398819354875,-9.603502667405454,-0.3477983256705229,13.34646786729899,-29.669598686763187,-10.23414293249575,0.624761315054888,12.052770797494944,-30.03938853911692,-11.001739706417345,4.008566855153927,-3.1192692315437047,-30.47417753037422,-11.749320631804428,7.121600912134721,2.475811525809568,0.6088732443364155,-0.5040921906360256,10.262381693602096,-1.5555978960387382,-1.7498655113377213,-2.0215127997973275,-5.039091733863154,-1.822342098864273,4.787025126964277,1.588014254071361,5.430964587549866,-3.030491752881165,3.693420112324277,-10.232734487732108,-16.332033728378114,-2.066473329971982,0.0062222496956724,-10.175690677812373,-19.0752834607088,-1.7911299160343956,0.326594087078366,-10.14109177940323,-19.72213695558341,-1.4465090856828744,0.407484368782972,-10.039107129763032,-20.60282286780946,-1.1046207518897098,0.0848294579258027,-9.78187662534827,-20.44988972776434,-0.8009672380009778,-1.4477832867599432
petroleum_fraction_db_033,8.984816689733837,-11.841654274818124,-8.758679746555087,1.919715319559844,2.030565508672889,-1.335348552797453,10.546707894295867,0.367357713970656,2.4840375276088764,1.2620402877271022,-10.96619634730811,-2.66510735791116,5.237335723204742,-7.429976037880862,6.333926243100232,-1.932515088394834,-10.776637513909227,-7.083879456738753,7.631847872453651,-0.1152124899606906,-11.00276502654756,-6.741352265002071,8.778254332316898,0.5424508027304201,-8.321218634277784,-6.322965432049208,9.97676782166642,-0.160520968396313,6.460108732359153,-5.827457136312076,11.168489887664848,-1.214838097008415,7.481297152797529,-3.572990139843113,-0.9081877454212856,1.512416454200909,-2.1646771266783658,-1.9275236069376396,3.05799773681968,-1.334428963837614,-1.0788071465033229,2.56962077038851,-3.241279586168286,1.513209828427824,-1.52491218667952,-1.4884914299776772,-0.6243815291122194,-4.503013969351425,0.5236451628570203,1.9911655453389503,-0.4431593250593426,-4.373612147680122,0.610168747751632,1.956133566006834,-0.3534262167540233,-4.225804662667837,0.7792810364107337,1.7346850262740312,-0.160927736373617,-3.8884239357281927,0.9940625090566226,1.0996819413805297,0.1999467028293667,-3.2067606374445377,1.253200615126269,-0.9212831404525856
petroleum_fraction_db_034,-28.469717173275047,12.781865431879991,-0.8038128211745734,6.4518210068651065,2.7851499603925087,22.292162582438166,-5.066647213418596,0.4663546023357485,-4.499134755003066,-21.19948568963771,7.826118510535959,2.278797887567761,-7.910827537010912,27.949011579331604,-1.7217506303644536,-4.26464411204723,4.901609452328303,28.082678766419832,-0.8685098387482604,-3.392745316054373,4.829498183703748,27.989519940808883,-0.9323737495919304,-2.2579069823709057,2.797301502809873,27.740017069761603,-1.3550998502577092,1.0527923438989184,-11.232886182093972,27.31001542779641,-2.3037264229020136,4.63269707323994,-5.732520718639494,-8.219870749418003,-2.0879739956670624,-1.3295002286943909,-2.607167722072913,-1.384058668185622,7.976951415646965,0.2306112451069118,-1.412483057603931,2.4694578189576712,-8.10785000789562,-0.1067793077183182,-2.049241778588648,-5.125425287355712,3.481302613476555,-2.1881766453639218,2.431801057941496,4.989057184442264,3.867526587229685,-0.5747450010872541,2.5662820824507504,4.797384267683459,4.013991997173573,-0.0113887438298711,2.790858218038573,4.2301745555050925,4.3307518814303085,1.0126397917661158,3.0513051825313764,2.8954576298586594,4.926722921375562,2.26004611233521,3.4052111658668838,-1.009322590448101
petroleum_fraction_db_035,4.597350723382217,-16.355846298831672,-5.80611271044608,0.6754158147955205,-0.8568057465904264,0.0636743991154267,6.442710711978524,-0.0818279428464326,5.336875867968615,0.2958870777411638,-6.81300374312849,-3.726356702512331,7.048010856085119,-3.9719239653183434,2.2984115056821564,-3.1325186177134605,-13.700387263016813,-3.7529608985553593,3.374649299014558,-1.3704066501168677,-14.765208477479485,-3.3937672363747176,4.706230526404595,-0.7533070073868134,-11.139333544625703,-2.87730339167034,6.284557006978851,-1.8736101956423472,9.122165441637572,-2.223995877768373,8.08357270370455,-3.1295297251003014,9.309993004283166,-5.053064306111963,-1.5197518811019957,2.0046262142041544,-2.1030624608771973,-1.742898607570119,4.536723848794311,-1.144294984180337,-1.275201045304536,3.137033460901678,-4.72840947792493,1.3361690662089845,-2.2412025780699345,-2.09039344912306,-0.5287891649918798,-5.721495268252928,1.264438859861212,3.611487451606481,-0.2711683282253951,-5.446782503701595,1.401679153815066,3.497850155470618,-0.1686678857189391,-5.263172430829734,1.6410563683710242,3.086085206082859,0.0653349185392269,-4.839312801528984,1.9214762624376749,2.0559945264273485,0.5220833490931334,-3.9890506839979034,2.2615474352449265,-0.9553131708560318
petroleum_fraction_db_036,25.70608946331512,17.244602400335026,16.085761892324975,-6.489912597848968,5.206816685506129,-27.71747993639316,-5.935538921966868,5.4052122081353975,-3.4067416202140954,26.03159995174568,3.6495940450994433,-2.707862796763046,-16.65286741026098,-27.86938816277899,-10.776705439015508,1.4857593889572898,15.105527847745783,-28.16864132731476,-11.655003522049784,0.1381793863173298,16.852891597245414,-28.53588213849769,-12.67405324106318,0.6401572320617943,14.712948095165032,-29.01319716846486,-13.792486041485,3.777250405463561,-4.024937047013744,-29.56157839207032,-14.839377293192523,6.69844197825924,-0.0991415815067214,-4.766894527129106,2.1512310880738186,12.641720613527632,-0.8872208254900779,-2.9722207263938434,2.60488785849835,-6.847154903478773,0.3220155185827055,5.897201262237283,-3.6464008858856487,5.728559724668565,-4.8534216674054935,4.7081826719322,-12.595976746398756,-25.63148747860468,-2.9230426135363734,-3.3836273998039426,-12.252394550217222,-28.53894555982608,-2.666493526079659,-2.9592061127498583,-12.051606415595757,-29.03148344196804,-2.391685357647562,-2.7203968788053,-11.61207138947135,-29.4648646733376,-2.1322451720443296,-2.5147149635691117,-10.717862134977732,-28.13719218882396,-2.0404888803875654,-0.3069228512018466
petroleum_fraction_db_037,21.73629645998311,-0.811157221581774,1.6999870151209096,3.165777627460838,-0.5460389923673907,-17.52060304203014,3.2418397714884186,0.1636300033637706,0.6177393402999977,16.308070351486265,-5.616233268750786,-2.306238401821727,-5.002587279495302,-22.04059947588671,-3.115898489938931,-5.387854675190673,-4.19812319466849,-21.790609267770076,-1.6803195128860675,-3.902471646682486,-4.679044792565302,-21.57575400807901,-0.5206416664661321,-1.93017137244404,-2.572968426881028,-21.377472140612923,0.4693586153200517,0.7445161859193877,1.4104884901448274,-21.15016499010017,1.4978056505320538,3.610136443440216,8.220937565603972,-5.417003665031356,2.15481934692494,6.454137025262979,-1.9838638117072065,-1.8615191822454515,3.7757187713771048,-4.9506831900122,0.3416999675152572,4.073781850577201,-4.725299197845961,3.3058996263342038,-4.2294915359717296,0.0821764548468271,-5.819533541321468,-14.85392388840115,-0.0111996250534557,-0.9650403383484816,-5.429697729976622,-15.815019354904695,0.1914625068681732,-0.8841709082409153,-5.177217595934652,-15.72223705069371,0.3758401332652956,-1.204428662506149,-4.7344515812589005,-15.426163309356216,0.5287194989560973,-1.8191138824523905,-3.914578628858317,-14.01809332824086,0.5530558191671555,-0.0283140536935977
petroleum_fraction_db_038,-24.68738569119436,-7.528113263671965,2.9957033002098417,7.439431730270306,-0.7623546629784592,17.395810347668057,-7.487874021260103,0.4542950689620472,1.4079930447305355,-14.70311557923382,11.07464906376446,-1.5988389052829397,1.1300680793001925,23.01097742456306,-6.843261733450552,-4.791180843814821,-10.957342899917004,22.97467245714956,-6.1630608668696905,-3.0464756866066844,-11.707675264945422,23.091476108137822,-5.342552908112391,-1.568016452450106,-10.077793762955396,23.33622101057301,-4.252966596079297,-0.4083149941878075,0.5058776479176181,23.6027199136526,-3.1409639648241967,0.5150263557348498,7.208093301196476,-13.008418519989226,0.7576746088583414,-1.4111970448647302,-2.914686601195855,-2.36495296030476,12.137914160863724,-1.23714152679654,0.6386787225533757,3.205698462081415,-12.85929002201494,-0.3321824988222746,-3.5669498138442406,-6.096993691627599,3.630821273840701,-6.664374738876902,2.674283549573762,2.398468630731593,4.278047808914179,-4.574381536786483,2.7100919131309613,2.0869039814484416,4.606536908712943,-3.651105830827852,2.7869201197905635,1.3978921175650232,5.244421531260868,-1.9447092572876588,2.8981110077277554,0.2284453532789065,6.403453300012102,0.4246163584591497,2.9863121579968928,-0.0423242621003415
petroleum_fraction_db_039,21.659869316717653,-0.9153087768840232,1.6019451515928442,3.195436420660501,-0.607856562519722,-17.430974330891733,3.2549572269196165,0.0683814127823073,0.6113949870722226,16.230264387441967,-5.608748004073532,-2.185927589863086,-4.739403238444728,-21.94303067671006,-3.010122759563348,-5.339611204519808,-4.320621087238297,-21.69428689019005,-1.5897023530065804,-3.8809016384060113,-4.810133908067021,-21.48055318635223,-0.4436177399392355,-1.967251373444768,-2.770246179403569,-21.2830751892486,0.5321788110427934,0.6050980856370025,1.213321641839762,-21.056313432903345,1.545913074409826,3.37783923644344,7.817314156420366,-5.111997571037881,1.931194952471226,6.735980251101913,-2.34385918326005,-2.296962342966165,3.44340357259117,-5.091261427884533,0.2050540588924737,4.702413214561656,-4.37723720528739,3.566632895802225,-4.451287478535246,-0.0875680844698412,-6.026926921957909,-14.860389383723597,0.2033951447290351,-0.2592902194500699,-5.657046748192979,-15.92504346754069,0.378510233794723,-0.2569534717035857,-5.411676721702669,-15.862807010321712,0.570280534562376,-0.6351202780344601,-4.979249630976209,-15.613386955886408,0.7430209284325839,-1.3339700330344182,-4.179802790761101,-14.255565495761576,0.7911729028832494,0.0301512875263322
petroleum_fraction_db_040,11.68027048965209,-3.3680052435007,-10.20450702768829,7.189099194450415,-0.1517833002639086,-2.806145418950025,11.975510983371024,-0.1348152665079022,0.5872345030417299,2.780187118353889,-11.272534053732032,1.8716151314874807,2.9984458452401617,-9.17805429462294,10.857033255619797,1.8293159172060056,-4.648057792417642,-8.815937708008654,11.726391636594167,2.778730892938493,-3.467307131774327,-8.61843947672593,12.127585253636736,3.080666246851918,-3.0418837337768503,-8.465169547390436,12.331803091199989,2.4964333408022017,0.9929752969017684,-8.344162160690981,12.184249642895017,1.1387462581890513,2.5618275853514216,-3.069611851673994,-1.8671412426863725,4.778584627595965,-2.71275677264842,-2.049583810790423,2.209407186568105,-2.636793152770873,-2.3043386224434084,3.961611214618471,-2.458974837493378,3.079074128041446,-2.8938196082556265,-1.51477964513702,-3.70427705507922,-9.086406892638156,0.027708249708422,3.0612262998842947,-3.535697677070937,-9.8387084391078,0.2010765786097111,3.074339764202305,-3.46799942433305,-9.94736576879491,0.5161139650507185,2.8459962654884627,-3.2915497557243074,-9.9757039134132,0.8784807517397333,1.9816821804848928,-2.927914018464068,-9.405406476147355,1.2921383585451514,-1.645259875357632
petroleum_fraction_db_041,2.0940014199163803,-15.6274502521807,-3.83003311360488,-6.286797308244264,1.7333258791569095,0.809973752342301,4.105817159348165,-0.0693100666468396,4.387835009187505,-0.9278991262789684,-5.463122001145932,-4.731071801580567,7.654828856576852,-1.7838635891421784,1.322120045033936,-0.816511631836707,-9.34496984762849,-1.7437086339656096,1.5788184295593066,0.0294301342982561,-10.412028880880634,-1.5260763876152257,2.242776491019483,-0.6921483511836422,-7.779201493857921,-1.1232984107718065,3.32514882791527,-3.214011479242572,10.002741174459356,-0.5642402729013395,4.771728665011142,-5.776951454026111,4.780548104359864,-3.682717002407016,-1.1163117808705931,-0.0087709671724969,-3.823263460688573,-1.4078064103749253,2.9812871190902017,-2.0094404950431146,-2.6027159924460177,1.3947984735822767,-3.234932205694246,2.1547942336555828,-1.245296217260577,-4.114415970099234,0.6885539932991349,-2.542726299839258,0.0308085023920728,1.3453396397707027,0.8366868586712428,-2.09759373307432,0.0033850769490471,1.2009301764280382,0.9412534511392644,-1.8227792470246056,0.1433175368831864,1.0434165193529472,1.1450072257860446,-1.3053928604954397,0.3537039958727989,0.4319977456165028,1.4981524283408416,-0.5695046859682751,0.6298838548389968,-2.2053018088131866
petroleum_fraction_db_042,17.300025760124615,9.256278746397264,2.8170642081411543,2.596636855727053,-5.640921138577941,-16.530346787600223,-2.400375871891054,-4.927665013202083,-2.916761148797298,14.202762189157236,-1.491530272984909,3.255634421126442,-4.780630161451383,-17.60185633354488,-2.804439405402838,-3.822475545300581,5.55942325991724,-17.47549159762724,-2.1673190478071733,-4.082520547253523,4.559310675606545,-17.477020526103725,-1.906465095840041,-3.329062288849327,3.950443457905631,-17.620885488800386,-2.084766180175368,-1.117529889089825,-6.085388646140993,-17.811565730748523,-2.3144824370121757,2.070147158394814,-4.072834981671569,18.725652243678383,5.505936773430351,4.43103265269748,-2.684287061777936,1.4393150490282554,-19.972222692793604,-6.8723289671464265,-0.2438343483938094,-1.1685209039782007,19.21894275863562,4.289474072307546,-1.430265593638649,2.491672490459206,-7.398179681675954,6.768921492271014,1.2289845939593804,-2.8358597144041573,-8.018371617600971,3.57305091716774,1.0962019949317685,-3.402336844152268,-8.026979036284306,2.9781613291545668,0.8720356134350484,-4.308662650067747,-8.44460718491895,1.3162261819202294,0.5099702254253627,-5.2147500034379055,-9.406812753574648,-0.743650024845211,-0.0605246461191199,0.5704734526922328
petroleum_fraction_db_043,14.475264097765034,8.219513559588004,0.003197963135477,3.96782246903474,-8.099563286492009,-13.238370161292844,-1.5560013036771194,-6.445132084621857,-1.649611760465774,11.080270644728206,-1.9041620294512769,5.44682300742062,-1.2254276533331243,-14.246735868622205,-0.233253892656121,-3.2687068987024044,5.035713783648927,-14.10318655611462,0.260292266195462,-3.988912319244573,3.3143878869956884,-14.101754290466513,0.3831406988171846,-4.056318441479314,1.7898591373056494,-14.246870954094987,0.0524195080296136,-3.0228289737363667,-8.471400970786247,-14.441836030502577,-0.3648483098973509,-0.7301006773785035,-9.272285718350515,24.21662550859251,8.66520897987101,1.0557039606930367,-3.104307191946079,1.465109782563755,-25.43709594973554,-7.4860668424221295,1.1101605055042212,-3.669667324118493,24.60870472976873,4.237236395680164,1.1213763383772657,3.6945940632537297,-6.136178431771975,14.07086184228365,-0.4395098005928355,-8.899075369182343,-7.003192240818329,10.838356948720527,-0.7759703419877882,-9.345502537172976,-6.998990426061489,10.34516366298032,-1.275664525633797,-9.79268199569488,-7.524268261474018,8.634526892087614,-1.9122545540584048,-9.580330024557046,-8.807138034711944,6.079453306361955,-2.8440756722542013,0.8795415538630114
petroleum_fraction_db_044,-3.0037829075046973,-8.60687341732378,3.370757840539797,-12.373508934510491,-0.1099751964165397,-0.7399169939343408,-6.135064593464345,-3.730513286803852,0.4129124007389914,0.234360187924446,4.064221665514396,0.0017607590080272,11.582345094258622,2.204483529656469,-2.853619299367508,3.370742360279022,0.5489163183154705,1.8390859840492009,-4.360390368219985,1.9263938601547343,-0.3295751528550327,1.711060380338186,-5.085399206182174,-0.6199140506081187,-0.1973380927349466,1.747869636543502,-5.295191391964895,-4.644278237419608,6.938179575353322,1.9114220059107896,-5.028665215249199,-8.603472317172034,-5.189967680296348,19.851422479586336,6.916111780294997,-7.751868615369093,-3.2345363367381514,-0.2865680753720434,-19.849791832106355,-2.639322750828687,1.5854546860064942,-5.3495413677553225,19.70765880267843,0.965910308413247,4.923651205869636,0.5492655958203836,2.6746254089600967,23.920821455670783,-1.490506334991784,-9.869759833111369,1.813251383813837,23.200196407181014,-2.072904902757945,-10.117797549057991,1.7739001648335702,23.264649718374223,-2.722635319768034,-9.691838340397624,1.2773078737530252,22.59496172883648,-3.3651461335942034,-7.965949885976569,0.0068777800882517,20.400224679819683,-4.199491815231776,1.4800735437086134
petroleum_fraction_db_045,-2.690366886558221,-8.19653188988949,3.303499375260293,-12.35340269871701,0.0945020890328439,-0.9638670908053972,-6.064994158359816,-3.863228632105745,-0.0709463416003891,0.4462651852161015,4.0286971756427725,0.3598710267817239,11.915038242941332,1.9622845041630184,-2.4930499362017784,3.821590704789863,1.0628769015611137,1.5910033211888142,-4.067238173338517,2.287776237515274,0.287183453155186,1.4488443234477166,-4.871226057206778,-0.3462713676532399,0.2484419575492045,1.4679048621786446,-5.157736845617368,-4.442226899305378,6.8031464295755,1.6072576665932683,-4.991331462212969,-8.553425219620188,-5.53188021479388,20.34600149773005,7.785245185820354,-7.450710314576358,-3.578415719264045,0.3634140630340008,-20.623639342416386,-3.681138879605423,1.355667952511166,-6.191565874529516,20.29367143394072,1.5139953571800575,4.85146083837909,0.555468371953432,2.088244717963039,23.433226509165667,-1.7021931658492704,-11.075438660170802,1.22406972779889,22.544720021622304,-2.3138951890826123,-11.37525333320512,1.2121845462248086,22.61701182459166,-3.0140273667646618,-11.030830352658027,0.7354713651182803,21.9282352574282,-3.722967834171407,-9.387654380858828,-0.5085757592893845,19.777998737191755,-4.644039739624418,0.9981607893592784
petroleum_fraction_db_046,-16.006837776775132,2.85689123161265,14.608901575249874,7.1616444506007,0.4216026271048253,5.10305973459797,-13.581972958968755,4.488767829157618,-2.2325256341205746,-1.4520111655009602,19.51520784100881,0.4372076901800967,-4.945830436014944,13.769312735557016,-7.73959109055332,9.968256325994442,4.78932735507988,13.128494461075851,-10.137822642732369,8.74409639976557,8.17471786812606,12.686352289225294,-11.790472439388552,8.819500206884296,6.367339997948211,12.363330606828946,-12.878738470357986,8.49623885170105,3.0690534458114485,11.972749703150187,-14.050600797701469,5.666376814842655,8.989522633083007,16.518711261404736,4.807599081606351,-7.78120216176247,-2.803486268367284,0.468838767260465,-16.237378512459692,-1.2398826570013513,0.7998886643429646,-4.813424054024191,16.27317198986405,0.1085341907301732,4.289138885866999,-0.6918507367709357,4.0794803822503685,23.09768752577492,0.0817110780901761,-5.786201440602255,3.370511419713345,23.016955153471955,-0.3475762445719177,-6.077599653750392,3.320350994104245,23.172189071995845,-0.8393752903411689,-5.9541004697150015,2.858823741449574,22.703376174991497,-1.3477401328673322,-4.967559727028542,1.7111356722403854,20.74038264654249,-1.976186950156816,1.5344950889957474
petroleum_fraction_db_047,-18.004967123063764,25.059375014663484,-9.138566138856907,0.8117489922092851,6.883332266235502,18.978841741458844,4.506707755559898,0.5078027237645972,-6.275051765565627,-20.35377888137179,-4.240715004512895,4.681208990139162,-11.463845440397249,19.662404156772144,7.379177915859836,-3.471171227348881,16.840316660086796,20.07961038368714,8.620247870580766,-3.379634608326792,16.690002929571992,19.91297046317626,7.926470016226803,-3.751005851258318,11.627526008087973,19.37184565947471,6.369580770831931,-0.6139142882666235,-19.126681704638997,18.52906327835285,3.870010914091689,3.2920558288426323,-21.252445638832235,14.18893424264704,5.978584123108094,-6.782120082958,-2.078381985200038,1.976040648331756,-14.212298444105578,-1.959149128032576,1.523299600214722,-5.228071237026192,13.919992013328972,-0.2382786502630796,3.197653048705553,-0.3224973774016794,3.905141585507047,20.81442306232569,2.400972193672237,-3.740315526111981,3.363992573631567,20.91406451342624,1.948540987349032,-4.430459548154079,3.391160934357292,21.19245388594604,1.3946124855063666,-4.9435651659415845,3.05062122720315,20.91673997309693,0.7617547176598327,-4.661190390135257,2.148398994586473,19.37994430653217,-0.053308557017798,3.1910802923377
petroleum_fraction_db_048,19.60780704275116,5.044541134973327,-0.3959951906495962,5.036074269243057,-2.062405143648887,-15.321343622494272,3.2958851145519428,-1.9678729317235684,-2.385460918157129,14.021709101781624,-5.156423261940346,2.0457986886292225,-4.415539662751483,-18.819514199263786,2.6429070044558536,0.7579580849839334,1.7075979515794288,-18.674765574136845,2.980885874205682,0.7385510991234837,2.880438411537253,-18.67699316684043,2.9194898722223908,1.090145882301406,2.086386951387902,-18.770644392421044,2.602637513067897,1.8870729052598496,-3.3525529991479592,-18.91580043183624,2.0895370976651115,2.499003593649493,-0.614696731837034,13.87816273129483,5.302273950863416,4.572575069223615,-2.06212150995174,2.668734492542701,-15.261629811672686,-6.692241506077849,-0.3696640121390622,-1.730700127392585,14.44019533765618,4.273279298595951,-0.8546072700236944,3.289480690092333,-6.767066487730985,3.019765269133678,1.5701431655480056,-2.0700084761154995,-7.17785816404704,0.3532386837078227,1.453248155773938,-2.6451910457945047,-7.137833078672792,-0.0997903728106776,1.2241330153598138,-3.567422957093568,-7.404160508174689,-1.396712179530367,0.830149229199804,-4.406335303459351,-8.037217331563577,-2.8264510926156765,0.2037101376951138,1.3749994793149474
petroleum_fraction_db_049,14.382582254571908,5.253257609839023,-3.613989897201168,6.617254972126462,-8.008244155771344,-10.824472926396242,2.155773163881546,-5.940749411233579,-0.6209878671067692,9.196437036863628,-4.517776996354094,5.921670999932228,1.1237590179914274,-13.355703973597008,3.5241670867405843,-2.0301693760951025,2.6505330696455043,-13.122257105383342,4.189038695505689,-2.3810724673639223,1.3044567449766589,-13.056223515508083,4.40469987545925,-2.4806323461250845,-0.0094241562262935,-13.120030031515308,4.199401178253231,-2.017664391526446,-6.917795274871045,-13.235887996646268,3.8022480461658215,-0.7254787845022723,-7.461584016632484,27.360289643378557,3.913770012357518,3.765892808653188,-3.908988734332208,2.3538394673864067,-28.09251411161535,-6.297502448353596,-1.4941469162487595,-0.3162399075177976,27.60661881451725,3.611196132576561,-3.3408123897976134,-1.3051042754508295,-6.726118707292326,16.78266905618871,3.713153552148407,1.388019055267525,-7.645555815932303,13.24322528891379,3.7848563885600592,0.5747944574804635,-7.758568169828653,12.497920399069388,3.750291288640501,-1.159231570802263,-8.520111388549854,10.195853261585324,3.5678529392493274,-3.839403008069796,-10.200882702372876,6.749814189188175,3.2564906154569675,-1.4490404935706953
petroleum_fraction_db_050,19.77554792370501,11.794521580936856,6.272374717604492,0.8862080319813725,-5.016355879873527,-19.76509411455324,-3.388350652149856,-1.9385755159622613,0.0427867259397953,17.612950842069594,0.0575956631308931,2.219570472547906,-7.759871619771993,-20.79869910900164,-6.326474725847717,-5.032896272554555,8.212613702837581,-20.73569311209632,-5.7629404982273975,-5.626160159503628,6.29046058279563,-20.78524187745655,-5.546545609298449,-4.903533097262649,5.01218255777859,-20.98490191240155,-5.762425356440875,-2.0803088642222205,-8.09990064144888,-21.230106071917227,-5.9498243692546176,2.075980632609514,-5.866352446965211,43.974781012810034,3.618686798657391,7.30244880832065,9.76958751797448,1.9470921083900128,-41.40245294768146,3.1885566814503425,8.236127377966046,2.4590127630406524,42.35779122359533,-5.36424197965939,-4.624980737752328,7.240411599759589,-12.352444925282349,23.999899314726363,2.6076033164141674,0.8412874808724513,-14.08669805470486,17.474643888123,2.745927694153697,0.5416674626852105,-14.775783884547106,15.13945881307076,2.5400347989054586,-0.1861277614167839,-16.471957882445597,10.236167515841869,2.195636611686134,-0.2859930576065255,-19.77609145053323,3.34141317657846,1.6009654887072933,6.149801080684799
petroleum_fraction_db_051,4.373269011278299,-14.713013077071448,-7.456078225692709,-1.703041513819715,1.9051802176949613,1.1500221448753205,7.748915962237423,-0.5705933754817918,2.8816345610541223,-1.232305847164308,-8.673070988092086,-3.394662233004005,7.664373426436676,-3.2541428929680607,4.714239930149383,-1.4308140682119266,-11.119131019453082,-3.033753982333865,5.569211225635986,0.0132995799819523,-11.781629368714173,-2.730356689719866,6.530972917527433,-0.0570221336600795,-9.035016516683529,-2.2912774477030786,7.7326306707628785,-1.8547823589829584,8.316733238320886,-1.7337025783088549,9.094859481934249,-3.8620251865656745,6.063454876618075,22.572822216314524,9.16292241816158,-20.377496090913212,-0.0374084748279254,-5.465366712390026,-20.308363691695035,5.032876515372404,8.184592693877205,-7.33337990185091,21.01864768740282,-6.553172099119246,9.423187100322544,-0.2454692007600636,12.750919741760065,42.611375475712265,-4.651547543206025,-19.22368748686816,11.609578677648928,44.33740022165125,-5.502414469607745,-18.71777864895437,11.485156678370284,44.95333136401177,-6.603424306673345,-16.761831585583757,10.841533426825803,45.14193888431787,-7.516336552664097,-12.113004591041744,9.132938938606364,42.56774995872972,-8.619516759551514,2.725973307989444
petroleum_fraction_db_052,-23.352867363592694,28.98239645223421,-20.305171205510444,-5.486460468122601,0.702331409293546,28.2251894159513,10.662113524168635,-3.1704345828098446,-5.69291297244694,-32.468836001011425,-14.947091565875173,3.70291446877452,-13.564611274504449,26.65459500791501,14.097029336657728,-8.658760375175245,19.1029936650702,27.391864323749125,16.269307451699845,-8.679758757185253,17.52650728387225,27.49986515523088,16.761419350124637,-7.389202085222195,16.249040933607546,27.049372404247183,15.675608851136747,-1.9144292648600043,-16.069626104506366,26.348981364379352,13.92693875022166,7.030530383679372,-16.961642361346748,43.79838391092002,3.23696805816492,-1.1810360384647918,10.07919252469237,1.6276352105834355,-39.968863601706815,7.620262416077078,9.81437179343311,0.8005589675781654,41.33644483379949,-10.052150183904564,-3.698845090072629,1.674178442113663,-3.5087983393534223,38.57997394294684,5.290385382653049,3.25089691488522,-5.290428064096527,34.41632939720829,5.261422436523604,2.682852797871811,-6.001268839391406,32.66332699631299,4.871666094609985,1.7973441903449163,-7.777967509220556,28.53810007153116,4.382678446609846,1.7827000599302298,-11.31498442382927,21.48499480159535,3.6951320328684982,8.304617132748424
petroleum_fraction_db_053,-12.936235219758348,35.0141792110841,-26.9613408297928,-26.02339805928717,-4.60271248376722,24.0999733369234,19.201482061357492,-1.1626462034870235,0.4004209748061813,-32.02916463513977,-28.909319266520058,-0.2797807423902791,-19.245246037896194,18.608173199109903,25.41477945712028,1.3629488588872791,34.934491140867536,19.051952425796955,24.8734840289616,-3.1993737907425737,34.10373869716118,18.9639522644612,24.00456529832356,-4.381001222418103,33.297860653243184,18.19184102712106,21.304156302412373,-1.930588338368147,-7.694685800729911,17.286582762672438,18.63606543571974,6.202074708208208,-20.31535662271593,44.48461977948366,3.434548169103285,-5.84071769960982,12.964553622537492,0.3068929277216883,-39.29235754467836,12.368029556938342,13.76842344186045,1.3885963834957296,40.989003734569,-15.763168733430057,-5.279245401960315,-1.6971340488506337,1.5854030760450404,47.91570696613678,7.950750924261953,5.2951597758796485,-0.2505763155282043,45.03364083939954,7.804101880741564,4.370972368285869,-1.0134687008988303,43.52605621673101,7.272986693533001,3.1263402546843766,-2.883468267019296,39.731779257334594,6.690287667626318,2.853298730059417,-6.626917732207185,32.42314405277884,5.93351474201078,10.225472404528604
petroleum_fraction_db_054,13.25299552133273,6.912949801528431,-2.9354689742839586,5.852711281264324,-8.827813583596772,-10.299990235299571,1.5044742520105392,-5.305291931456352,0.865528474423383,9.03732901323189,-2.941520937894321,7.25818176821229,0.9355163640988432,-11.92542452024422,5.55088952310274,2.545195746719933,5.2603248087977015,-11.864568098416656,5.15502854211188,0.9980633288002396,5.227924894298622,-11.983187620175723,4.387317735652276,-0.6826542812381134,2.0432903433771625,-12.218168009182945,3.3696402428817698,-2.0122350057112235,-8.475242173484762,-12.52907041391702,2.1139344789534205,-2.856412709361242,-12.977074643397788,-19.474787987603804,4.928767507626975,6.760743365617593,2.778092759654408,3.5219629340198795,17.325176283463556,-4.747953442128814,2.171342378879668,-1.4664850731044126,-18.694668077786645,2.6895445948829595,0.0560476000403205,8.129414528261412,-4.810534754918439,-27.13092276343775,0.3915039883968083,-2.6792868942769568,-3.8624472269962897,-26.91702469718664,0.2477067742612241,-2.970575996609613,-3.4942121569684708,-26.57423452330853,-0.0745521494572405,-3.29777814014048,-2.627310710924853,-25.378568424045195,-0.5683102686055019,-2.755559952994433,-0.8193921315202293,-22.11855366528159,-1.378099607942167,4.373380567896966
petroleum_fraction_db_055,13.253509957552966,6.954262440312513,-2.904184693798233,5.840858007545793,-8.881176878336973,-10.334669459233004,1.4422349025867682,-5.350841830654176,0.8625404223746946,9.059397548544464,-2.9044961863348893,7.282163157611017,0.9405324553151108,-11.93447946170263,5.508915666079971,2.522698204407367,5.339669462622236,-11.873732950433467,5.115457797775803,0.975583536797706,5.288806499708571,-11.992465406527424,4.349803015997105,-0.6987582570454542,2.1122463459169856,-12.2281601055732,3.331918293803409,-2.016830150895925,-8.453849930143125,-12.53981917882807,2.0769036032938164,-2.844560188591473,-12.9736941338758,-21.29587427473725,5.071334694412339,6.799089746878854,2.873858813109043,4.179580536994135,19.017967592510196,-4.949189182100099,2.039734263281764,-1.8925095789035045,-20.463616156285557,2.82901330091407,0.2363663787879852,8.170149133167513,-4.6942759835088825,-28.77505283953349,0.2246600225196119,-3.030807205295096,-3.6630507277783817,-28.379880944743658,0.0932618210809534,-3.2803664922726474,-3.266453977866934,-27.97134771525512,-0.2376984393349885,-3.565389541172988,-2.330932259578628,-26.622092442725133,-0.7523946984986475,-2.9262508785044163,-0.3857526279666378,-23.096172605982,-1.608320485229859,4.461178912584846
petroleum_fraction_db_056,10.783772205715207,-11.883498280904886,-7.052551434490725,0.670676191559703,1.0657340504476749,-4.163345371389113,8.39009185188821,-1.0281879796320492,2.3752958012894565,3.5280982510245864,-10.107378206511626,-2.9006577688178448,5.450119723633918,-9.873668374444971,2.8845253331929728,-5.452852994124129,-11.640374231654096,-9.503082306613944,4.57228470553485,-3.471533744573131,-13.237805552823636,-9.108531597800676,6.112931770925049,-2.5445622848618084,-10.225326017083797,-8.638267362765307,7.657099296797654,-2.5721698875714862,4.901606892581199,-8.06527721012131,9.321182849511365,-2.243210799615605,6.125108770167912,-3.002046529685656,-3.295160703211435,2.697916979725268,-0.3484073633934769,-0.2984979881846457,3.022159447351334,0.4183217229330046,-1.9775152258725048,2.146356460689245,-2.844622645774804,0.5875196672036687,-1.8420759887139648,-1.5794541203050043,-1.3219987577426804,-5.106942729163183,0.3159604768627538,4.175357027274279,-1.1854780938753415,-5.229181501969133,0.5966030737480006,4.371574949553582,-1.216379494530924,-5.356448217013308,0.9375861995838028,4.284957131905391,-1.1821345278984956,-5.433513663854282,1.29393496215102,3.557860702741722,-1.0452537025134516,-5.258029954922145,1.7444500136517156,-1.2078782991677466
petroleum_fraction_db_057,14.455055684803542,13.882937854941552,7.956949841227587,-4.646499854500728,0.8624987439489258,-15.524459208599264,-3.510907591489133,1.6399216664219822,-2.0998930497893795,13.386641324305993,0.2934299669025718,-1.651583170618622,-12.262029437691258,-15.745625179919104,-6.971335247822746,-2.7370172544351004,12.627165627025333,-15.829432722437,-7.089097004801234,-4.070408463025855,10.617075175802963,-15.99870600956647,-7.391636664429621,-3.992059398907834,8.120281857530006,-16.315549499445616,-8.042766718457656,-1.7257678312693985,-8.730887604530091,-16.687290162313403,-8.637219817019584,1.6618661854927572,-8.688310028686105,7.416005766572725,2.7283647452550865,7.558826643831568,-1.6262325453398672,-0.1952894996716309,-8.852312322309993,-6.017909050135796,-0.9749449410634315,1.0632789405940934,8.210877955361209,5.007748968482427,-1.596054391911074,4.1460350067610525,-8.973616070582468,-7.353284487991813,-0.9742742954107316,-2.054741279365669,-9.200307881125882,-10.281901589212284,-1.0221048988293486,-2.214104662936359,-9.188116276758787,-10.925252293532129,-1.0659918187534578,-2.4585379593627628,-9.287071339443017,-12.102505574046043,-1.1801329456890362,-2.6076975046992272,-9.489012754380568,-12.77844703184,-1.4387967523928176,0.1310376892839516
petroleum_fraction_db_058,-4.7924349499672045,-13.053638058222052,1.2177679847530452,-5.6030917853306725,-0.8227504218950611,2.0966992143965784,-4.225205080868751,-3.674723603330873,0.2517553023764941,-1.476725251366982,3.984240452474935,0.6186386847123895,14.093873827335653,4.212790574090492,-2.0007487187418884,1.3841578639943104,-7.570521718092842,3.996049651396468,-2.742608058814914,1.1741996818104172,-7.997071763974049,4.033639505632371,-2.7333758942701127,-0.0304682782405268,-6.425308076530714,4.260479023317403,-2.253210682002332,-3.206357913735279,7.522232969608994,4.620135611758109,-1.3869240393702356,-6.630276131383662,1.2774673198199449,18.295579258428617,5.986647999718704,-4.6406732889282765,-2.475731176330118,0.275986208467436,-18.45257623682708,-2.9895390983675325,1.2300485095134008,-4.189821581340173,18.252434575755075,1.3656263861596516,3.4422147403782257,1.3657631066559164,0.446751051480058,18.8633714615634,-0.6055289981115906,-7.22673208785479,-0.3058761093801436,17.68764167377682,-1.034220785466697,-7.503966724818595,-0.3479517052969638,17.590725696863554,-1.5373461646185766,-7.364635789397691,-0.8105319466695673,16.72741188230334,-2.070037317582808,-6.232517930655762,-1.952585133629112,14.659765790516412,-2.781227619501088,1.8275809866928765
petroleum_fraction_db_059,-22.13316143586552,5.4696369120158135,10.50918347874618,9.117571954169872,2.042563940881873,11.610505152311047,-12.42717934089112,2.4646649435453067,-3.91071348662526,-8.293535717095754,18.09141783284487,2.276754251977965,-3.921429073532568,20.13544771250227,-7.238393222704576,4.26098414529733,3.297927167256219,19.76339506228745,-8.34208598222603,4.096714377957408,5.205440888681936,19.436013761740423,-9.428110045558547,4.469174675346588,2.767095735919774,19.1560418140672,-10.19836341296102,5.329317728716362,-3.684778570836168,18.756326138103468,-11.275626983355076,4.414785477717096,2.474366979342813,13.056384447999548,3.9097665227292215,-6.882576136376352,-2.6629211112779254,0.7030987443404763,-12.862735933328011,-1.0860172298145854,0.4015528052747167,-4.148515961813422,12.867182579374628,0.1169110194537628,3.596961370014748,-1.0803830541260324,4.082863313220031,19.747980237992884,0.7619354550441644,-3.791681429883609,3.529479566212022,19.9220552015316,0.393095902749374,-4.136481326822644,3.5062217502819784,20.13604287734139,-0.0138307402686395,-4.166782527262248,3.148341017723424,19.867847430685902,-0.440617966848236,-3.51079480267361,2.236848499988368,18.332839099390785,-0.9697117990876656,1.7085738599989373
petroleum_fraction_db_060,-29.71124621694392,13.244260667325348,-13.836379812047928,-9.111305893201546,-6.139618589448483,29.120788633308152,2.942730363843322,-3.665940263396047,0.4110973994760155,-32.14251678539033,-7.09797308928895,-0.3632989197237305,-7.167452577297205,31.076074361628734,5.821577262365902,-9.933537712988247,6.995825540399068,31.47234195829408,7.211791481597498,-10.044775580993267,4.648798802526448,31.70898991944013,8.478711909097774,-7.961967391917613,7.913122551149218,31.614613626426,8.607590049829156,-3.788591219526921,-4.266935340983385,31.48623968150496,8.857167857324216,4.356242446345335,-3.915460813259905,10.374354111765548,5.243042884482082,-6.856156613116323,-1.7441907359197366,2.546871585349639,-10.38328891574671,-1.3966293201206286,1.3406140158527162,-5.05452943734722,10.069798598004354,-0.7676250476507323,2.6281786572803623,-1.565914697684022,4.637016144648246,18.20413152029804,2.361113041054749,-3.283526928655072,4.270438551816687,18.827314298192245,2.02759297581952,-3.822762426979641,4.3355917516649445,19.24648331126511,1.5645233654088075,-4.294257064063663,4.109294687406492,19.28591570453339,1.002374766931964,-4.153307572681161,3.4507478303213697,18.231717730286547,0.2700690518891803,2.726261516659392
petroleum_fraction_db_061,34.8264775496878,7.116403412555597,12.957114037234144,-2.956234042475637,10.919643248376389,-31.894579286128927,0.6095364191299188,6.645382102534207,-6.338608404931303,32.53843791697973,1.4257625584021776,1.2062576100589752,-3.060513745919654,-34.69929388706116,1.6514833935637956,19.514882265769565,15.900668259794797,-35.24146629435252,-1.3456577907598533,17.5058556981123,22.989443232644703,-35.86127633621044,-4.402465208668685,15.042557019369362,18.696530475575493,-36.41460192958082,-6.841531990648376,11.805909099789286,7.386409781074931,-37.07105635484025,-9.629804647714597,4.00610131258754,2.8795881635759204,-3.239876911313264,0.1017480216308393,5.698011827469751,0.1080499352406091,2.9407541208388217,2.1771690867997524,-3.3053162667906277,-2.055836585081317,-0.6798408516728893,-2.546438280770697,3.582852754303861,0.3416309367223422,4.221007627065307,-5.318973453908586,-12.052114496226489,-1.2755242046697248,-0.7076091739222193,-5.100443881670229,-13.13362791328361,-1.0264760704142797,-0.3824325554896505,-5.027424586548255,-13.355604743661974,-0.8314987273999851,-0.2428127832495861,-4.8702737075957465,-13.608329911475163,-0.7554718548378718,-0.2429755365907763,-4.497801491992385,-13.090981401789406,-0.7528881215759002,-0.1136509663486091
petroleum_fraction_db_062,-7.453982567011211,-12.864427774583838,5.263144690036081,-8.792097019664581,-2.5502114075828324,2.291799614109504,-7.135063212615259,-0.8180070417004431,5.592241599847947,-1.8362288452883255,6.21136351236418,-3.941235805317968,6.153492308965605,5.8623159236956095,-6.5124066201061765,0.4214128762327704,-5.803835207272557,5.495653092456567,-7.624357810336443,-0.297418929636513,-7.194126648332431,5.473584841807528,-7.70665230429403,-1.7737889563953912,-5.642590651691385,5.679882401870296,-7.165489148081612,-4.767122338217027,8.200926209115575,6.058895140643002,-5.993174444416173,-7.3824103049021135,1.227817717172471,-55.1690786829496,11.700614102076017,-4.258666081372716,8.938588755580803,7.098817911078601,52.819866758220975,-0.3637561179566165,9.907442639100942,-9.227310299293228,-55.27335844921541,-5.1543560485354085,4.109677657341614,10.01400165501718,9.406992191384974,-39.1694274855415,2.5742194902531352,-9.668126612545173,11.85761675988223,-32.45382747256201,1.859764373877409,-10.5177724776065,12.800596710346255,-30.0001060521258,0.692697745830464,-10.979893922352264,15.042430897757516,-24.49158354888226,-0.6763247521036029,-9.057703195187068,19.548349122261207,-15.546781116402588,-2.5382882623321112,9.328069938246651
petroleum_fraction_db_063,11.676670850241912,-8.788382690853828,-8.192457054396677,4.073221899600694,-0.6336340536285274,-4.282577405903517,9.443678014682945,-1.1271752494331793,2.443772265320018,3.692881052564617,-10.66376187296727,-1.2656978812916502,4.165066082417482,-10.448877689559415,4.166368211538289,-5.82057988073752,-10.343334629352608,-10.002870761015975,6.072056028204324,-3.856753273256959,-12.047632947069802,-9.597634669826853,7.677237795499741,-2.5462471176781283,-9.46083314636834,-9.17734589912732,9.098789402488809,-1.8899483763432643,2.20188174281491,-8.694485280099094,10.504530160400206,-0.7979122605980072,5.137327746661152,10.332369184549345,-2.3882759452774884,1.019586786963024,-3.411432674495239,1.0589069462978635,-10.413728515454109,-1.811975383881975,-4.383118164652999,-0.1257877524425553,10.76111161960463,3.2680277126897685,0.8559212267748489,-1.1502397547986585,-2.0044202446374744,6.901618055281029,-0.7714647661290684,1.5083627291402664,-2.428939741299689,5.657916080838937,-0.5484597793399919,1.721916330797125,-2.562660969349386,5.278076676502386,-0.2469145629312328,1.7166501323817722,-2.9591011399591154,4.281772384966359,0.0431601119461223,0.95167225008836,-3.772519644790637,2.670637647821576,0.4428997672555157,-3.284382371223192
petroleum_fraction_db_064,-21.827750710537423,10.37899892689046,7.162896199554922,11.239852425476164,5.301996503651696,13.385055619489448,-9.218336397684386,2.358043472310899,-6.786071618638121,-10.336977670582511,15.128990943251086,4.026521752611076,-4.918419696654418,20.615987526773694,-3.859720814772473,4.051877001512381,6.593493088154825,20.4245952893272,-4.392743023174268,4.393958424469449,8.864054520464387,20.09146307988117,-5.585016085918623,4.774779602460242,5.180820465060609,19.72143563045437,-6.657856157386679,6.257405875464437,-7.517405553952652,19.1590053304077,-8.311444347517025,5.901019853733054,-0.8020997712199147,4.662071630590639,-4.943067964820962,-2.818713730188812,-3.755082893317055,1.7811944051627924,-4.206848101210323,0.7824460828579423,-5.668898996766236,-0.9608031478337928,4.902568280075753,1.7692252382789573,2.098105197543301,-4.135441439168769,3.0807173810841597,9.625858935961944,-0.0576138306989312,4.276248704990479,2.835138911617203,10.121849772948243,0.1945844296702129,4.520409868577591,2.697862472669007,10.116604359840878,0.5632128438091827,4.563239609132998,2.385570758041647,9.839252116202516,0.95195594868382,3.634970288765976,1.762533703422895,8.743322834454947,1.556037802597598,-3.8670231194049984
petroleum_fraction_db_065,2.183723665143628,-10.809408534060308,-4.98549000758404,-6.163999691449139,5.402527525844863,1.2578785803815065,4.740153958456148,-1.3683539445199329,-1.8281402564304248,-1.4228091625054318,-5.5760933484227095,-1.2403452708373426,10.691001178097656,-1.2479138536299643,4.445005084060902,1.996881844972549,-5.927724622378956,-1.2070104351833475,4.393469718775299,2.457672207978529,-5.608393268497981,-1.0875710191639647,4.535945878914681,1.4924334171918587,-4.251604163558673,-0.8545871935494287,4.941541651156927,-1.2380027804049445,7.107919366530546,-0.5283865786706123,5.509079398435151,-4.441026779557182,1.734820877818566,17.638338811211266,1.9286996642744307,-1.0114918617189956,-1.7653729606510558,1.3231738585194373,-17.466547857686887,-1.8161429863340144,-0.6403100405890647,-1.633334014702608,17.59717238474103,1.274456289742878,0.9102431745014274,0.0100218793329293,-1.6270996313219483,14.947343049586737,0.3296419101301702,-1.8025425455859527,-2.300452612158032,13.348486178154744,0.3662962853410016,-1.832176501722512,-2.4237375861569914,12.979247231612463,0.3396587477607452,-2.014663026950222,-2.977360408501646,11.69260644358227,0.2505330013316517,-2.278784514320712,-4.203831034698023,9.322807905344018,0.1028176558581767,-0.194250985666751
petroleum_fraction_db_066,-7.811633414475338,-10.010815152415423,7.961997916245885,-9.492955969984088,-4.534663383182244,0.8758520645269325,-9.81486373364875,-0.6934052804827326,6.125464831676894,-0.2127233506577032,9.45716391540192,-2.1951127845384537,6.612781415496943,5.901763564295754,-7.644289978257283,2.5194623792942528,-1.612127457734784,5.395386933489496,-9.397076546855576,1.0205437141617262,-2.708673719101011,5.2479245729828055,-9.990096786585472,-0.9404650470768005,-2.0156960456921578,5.315552197630783,-9.942093123200394,-4.334725406378237,7.744686675918728,5.535460952539286,-9.269068555436194,-7.558822983643214,-1.1436080171220202,10.771482563849618,-1.5261859296835731,-1.7503952056925651,-3.4038630224814974,0.4492656859278375,-10.581351186121644,-0.8982676427508139,-3.308970182924159,-0.7392082375134181,10.99753081968933,2.198646252084478,1.881331996826539,-1.486623496814467,0.4379860852440417,11.36792833290379,-0.3907508369600703,0.7909573453811322,-0.0469967070076977,10.68178185582938,-0.3779946939030791,0.7728798480944973,-0.1814205572000387,10.460694213003656,-0.2611939157729268,0.7567560654980899,-0.5871998254887578,9.708094032892912,-0.1050983455678492,0.3103863493533801,-1.4603586313581056,8.079202394616395,0.1409602153392208,-2.578098829849006
petroleum_fraction_db_067,15.279469430654812,-9.544132219900298,-4.369026789256324,2.4120985494400093,0.473366032321083,-9.063413895486471,7.169416081794418,-0.5741921934050571,1.9292988309911885,8.728687028947864,-8.162668290289133,-1.4287435419823131,4.67437380968785,-14.435553706991277,2.829912603294261,-2.1570065175389788,-8.484374149701663,-14.16734468142629,3.97849607279062,-0.5927286040803189,-8.848899046759549,-13.893479940777333,4.972698730411161,0.0715212503884323,-6.664308587100133,-13.5474594357139,6.031009089317439,-0.2567442868587004,5.3832166244284085,-13.132501962246328,7.1077738799623615,-1.009469620451923,6.558404350573616,8.56142813171632,-0.5948259666063754,2.8463352395170576,-2.545903781912706,0.3946412957410992,-9.020941413560829,-2.837293176283764,-2.782511401392232,0.5155860316520102,9.076939118874996,3.5908586043705726,0.3753779031075529,1.069038810548707,-3.963032888720414,1.9262430530808217,-1.0075589413061994,-0.0666352141935386,-4.2873659503530925,0.290473444832888,-0.8553612751362772,0.1146399212233079,-4.3597441060687965,-0.1229481979731281,-0.66267705339555,0.1518852762710507,-4.624548475203262,-1.0690070462579049,-0.4968610454982276,-0.1953145616458588,-5.175095946978912,-2.237028915563036,-0.3063166004102999,-1.739592639371674
petroleum_fraction_db_068,12.611950399799513,-4.8511278130561415,-9.454531985142651,5.807326214740089,2.7132021754277766,-3.358114206125054,12.75910352039601,1.5461014768125203,0.232835374147626,3.5588548599169982,-11.735378912457636,0.202444394564992,2.631792672292273,-10.241642623783424,10.30156565912652,2.2057307567197304,-5.617554298747216,-9.898450597496844,11.153523866749408,3.372835527823542,-4.1210703285276455,-9.69418795274382,11.586492360961106,3.8000736317579737,-3.386843717867306,-9.50710649590608,11.896515153290045,3.150577137787786,2.5215636009906937,-9.337248940797956,11.891383840724265,1.4663626769324871,4.658663159539159,-10.919791156799088,2.553823499720885,3.9982808844296183,4.106334280336026,8.03915322042187,9.900111552687274,-2.0420644494520546,0.2925774771823731,-4.870533131840981,-10.52970967288202,1.2894348698885891,2.4570743535533905,7.287888522618065,-2.6818832498647565,-15.126560453687055,0.6750047761796736,-0.7157027412384966,-2.120782907465201,-14.94460146342789,0.7216563634319917,-0.7830434118623633,-1.9714573186784496,-14.868355755572592,0.5262401175427927,-0.9590000297951484,-1.5969314018232996,-14.456119839799598,0.0970792247339223,-0.4489510231391538,-0.7402996256908345,-12.995235429826849,-0.5955658200133562,4.193172270050479
