target_property,feature,feature_channel,n,coverage,pearson,spearman,abs_corr_mean,weight
BP_20,bulk_property:bp_35,bulk_property,54,1.0,0.991321,0.988277,0.989799,1.039799
BP_20,bulk_property:bp_50,bulk_property,54,1.0,0.969274,0.960984,0.965129,1.015129
BP_20,bulk_property:bp_65,bulk_property,54,1.0,0.939426,0.932088,0.935757,0.985757
BP_20,gc_fid:pls:density_20c:lv1,gc_fid,54,1.0,0.897661,0.898927,0.898294,0.948294
BP_20,gc_fid:pls:bp_20:lv1,gc_fid,54,1.0,0.87996,0.900147,0.890054,0.940054
BP_20,gc_fid:pls:bp_35:lv1,gc_fid,54,1.0,0.881694,0.896983,0.889338,0.939338
BP_20,bulk_property:bp_80,bulk_property,54,1.0,0.888065,0.88955,0.888808,0.938808
BP_20,gc_fid:pls:bp_50:lv1,gc_fid,54,1.0,0.881437,0.89359,0.887514,0.937514
BP_20,gc_fid:pls:bp_65:lv1,gc_fid,54,1.0,0.880348,0.892256,0.886302,0.936302
BP_20,gc_fid:pls:bp_80:lv1,gc_fid,54,1.0,0.878036,0.890274,0.884155,0.934155
BP_20,gc_fid:pls:saturates:lv1,gc_fid,54,1.0,-0.871872,-0.883146,0.877509,0.927509
BP_20,gc_fid:pca:pc1,gc_fid,54,1.0,-0.845341,-0.883641,0.864491,0.914491
BP_20,ir_spectrum:pca:pc3,ir_spectrum,52,0.962963,-0.724987,-0.786878,0.755932,0.777935
BP_20,ir_spectrum:pls:bp_20:lv1,ir_spectrum,52,0.962963,0.720724,0.709099,0.714911,0.738433
BP_20,ir_spectrum:pls:bp_35:lv1,ir_spectrum,52,0.962963,0.673952,0.660477,0.667214,0.692503
BP_20,ir_spectrum:pls:bp_50:lv1,ir_spectrum,52,0.962963,0.656869,0.641566,0.649217,0.675172
BP_20,ir_spectrum:pls:bp_80:lv2,ir_spectrum,52,0.962963,0.621416,0.657958,0.639687,0.665995
BP_20,ir_spectrum:pls:bp_65:lv1,ir_spectrum,52,0.962963,0.607778,0.619453,0.613616,0.640889
BP_20,ir_spectrum:pls:bp_65:lv2,ir_spectrum,52,0.962963,0.535321,0.572154,0.553738,0.583229
BP_20,ir_spectrum:pls:saturates:lv2,ir_spectrum,52,0.962963,-0.471464,-0.617575,0.544519,0.574352
BP_20,ir_spectrum:pls:saturates:lv4,ir_spectrum,52,0.962963,-0.571952,-0.510939,0.541445,0.571392
BP_20,ir_spectrum:pls:bp_80:lv1,ir_spectrum,52,0.962963,0.511861,0.535143,0.523502,0.554113
BP_20,ir_spectrum:pls:bp_50:lv2,ir_spectrum,52,0.962963,0.474631,0.506286,0.490458,0.522293
BP_20,ir_spectrum:pls:bp_35:lv2,ir_spectrum,52,0.962963,0.445686,0.485283,0.465484,0.498244
BP_20,ir_spectrum:pls:density_20c:lv2,ir_spectrum,52,0.962963,0.393465,0.531686,0.462575,0.495443
BP_35,bulk_property:bp_20,bulk_property,54,1.0,0.991321,0.988277,0.989799,1.039799
BP_35,bulk_property:bp_50,bulk_property,54,1.0,0.991883,0.987248,0.989566,1.039566
BP_35,bulk_property:bp_65,bulk_property,54,1.0,0.9726,0.966642,0.969621,1.019621
BP_35,bulk_property:bp_80,bulk_property,54,1.0,0.931783,0.933115,0.932449,0.982449
BP_35,gc_fid:pls:density_20c:lv1,gc_fid,54,1.0,0.9224,0.9119,0.91715,0.96715
BP_35,gc_fid:pls:bp_35:lv1,gc_fid,54,1.0,0.892533,0.905305,0.898919,0.948919
BP_35,gc_fid:pls:saturates:lv1,gc_fid,54,1.0,-0.90234,-0.89444,0.89839,0.94839
BP_35,gc_fid:pls:bp_20:lv1,gc_fid,54,1.0,0.889124,0.907516,0.89832,0.94832
BP_35,gc_fid:pls:bp_50:lv1,gc_fid,54,1.0,0.893375,0.902217,0.897796,0.947796
BP_35,gc_fid:pls:bp_65:lv1,gc_fid,54,1.0,0.892959,0.900844,0.896902,0.946902
BP_35,gc_fid:pls:bp_80:lv1,gc_fid,54,1.0,0.89126,0.90012,0.89569,0.94569
BP_35,gc_fid:pca:pc1,gc_fid,54,1.0,-0.850546,-0.891047,0.870796,0.920796
BP_35,ir_spectrum:pca:pc3,ir_spectrum,52,0.962963,-0.711302,-0.776212,0.743757,0.766211
BP_35,ir_spectrum:pls:bp_20:lv1,ir_spectrum,52,0.962963,0.715012,0.718622,0.716817,0.740268
BP_35,ir_spectrum:pls:bp_35:lv1,ir_spectrum,52,0.962963,0.670929,0.674522,0.672725,0.69781
BP_35,ir_spectrum:pls:bp_50:lv1,ir_spectrum,52,0.962963,0.655346,0.657104,0.656225,0.68192
BP_35,ir_spectrum:pls:bp_80:lv2,ir_spectrum,52,0.962963,0.61244,0.639558,0.625999,0.652814
BP_35,ir_spectrum:pls:bp_65:lv1,ir_spectrum,52,0.962963,0.608276,0.638789,0.623533,0.650439
BP_35,ir_spectrum:pls:saturates:lv4,ir_spectrum,52,0.962963,-0.584075,-0.520449,0.552262,0.581808
BP_35,ir_spectrum:pls:saturates:lv2,ir_spectrum,52,0.962963,-0.462974,-0.630635,0.546805,0.576553
BP_35,ir_spectrum:pls:bp_65:lv2,ir_spectrum,52,0.962963,0.524898,0.554047,0.539472,0.569492
BP_35,ir_spectrum:pls:bp_80:lv1,ir_spectrum,52,0.962963,0.51515,0.562244,0.538697,0.568745
BP_35,ir_spectrum:pls:bp_50:lv2,ir_spectrum,52,0.962963,0.463564,0.485741,0.474652,0.507073
BP_35,ir_spectrum:pls:density_20c:lv2,ir_spectrum,52,0.962963,0.373775,0.540044,0.45691,0.489987
BP_35,ir_spectrum:pls:bp_35:lv2,ir_spectrum,52,0.962963,0.434002,0.463456,0.448729,0.48211
BP_50,bulk_property:bp_65,bulk_property,54,1.0,0.993547,0.991175,0.992361,1.042361
BP_50,bulk_property:bp_35,bulk_property,54,1.0,0.991883,0.987248,0.989566,1.039566
BP_50,bulk_property:bp_80,bulk_property,54,1.0,0.967513,0.967618,0.967565,1.017565
BP_50,bulk_property:bp_20,bulk_property,54,1.0,0.969274,0.960984,0.965129,1.015129
BP_50,gc_fid:pls:density_20c:lv1,gc_fid,54,1.0,0.940463,0.912612,0.926537,0.976537
BP_50,gc_fid:pls:saturates:lv1,gc_fid,54,1.0,-0.924638,-0.89542,0.910029,0.960029
BP_50,gc_fid:pls:bp_50:lv1,gc_fid,54,1.0,0.903734,0.898165,0.900949,0.950949
BP_50,gc_fid:pls:bp_80:lv1,gc_fid,54,1.0,0.903499,0.898088,0.900794,0.950794
BP_50,gc_fid:pls:bp_35:lv1,gc_fid,54,1.0,0.901859,0.899689,0.900774,0.950774
BP_50,gc_fid:pls:bp_65:lv1,gc_fid,54,1.0,0.904189,0.897021,0.900605,0.950605
BP_50,gc_fid:pls:bp_20:lv1,gc_fid,54,1.0,0.897306,0.900299,0.898802,0.948802
BP_50,gc_fid:pca:pc1,gc_fid,54,1.0,-0.857515,-0.888025,0.87277,0.92277
BP_50,ir_spectrum:pca:pc3,ir_spectrum,52,0.962963,-0.701386,-0.738511,0.719949,0.743284
BP_50,ir_spectrum:pls:bp_20:lv1,ir_spectrum,52,0.962963,0.705538,0.712514,0.709026,0.732766
BP_50,ir_spectrum:pls:bp_35:lv1,ir_spectrum,52,0.962963,0.663481,0.674308,0.668894,0.69412
BP_50,ir_spectrum:pls:bp_50:lv1,ir_spectrum,52,0.962963,0.649642,0.659025,0.654334,0.680099
BP_50,ir_spectrum:pls:bp_65:lv1,ir_spectrum,52,0.962963,0.604705,0.64481,0.624757,0.651618
BP_50,ir_spectrum:pls:bp_80:lv2,ir_spectrum,52,0.962963,0.607563,0.597341,0.602452,0.630139
BP_50,ir_spectrum:pls:saturates:lv4,ir_spectrum,52,0.962963,-0.589903,-0.553371,0.571637,0.600466
BP_50,ir_spectrum:pls:bp_80:lv1,ir_spectrum,52,0.962963,0.51436,0.577362,0.545861,0.575644
BP_50,ir_spectrum:pls:saturates:lv2,ir_spectrum,52,0.962963,-0.442089,-0.615654,0.528871,0.559284
BP_50,ir_spectrum:pls:bp_65:lv2,ir_spectrum,52,0.962963,0.518478,0.508805,0.513641,0.544618
BP_50,ir_spectrum:pls:bp_50:lv2,ir_spectrum,52,0.962963,0.456459,0.439478,0.447969,0.481377
BP_50,ir_spectrum:pls:density_20c:lv2,ir_spectrum,52,0.962963,0.341775,0.528996,0.435386,0.46926
BP_50,ir_spectrum:pls:bp_35:lv2,ir_spectrum,52,0.962963,0.426178,0.416981,0.42158,0.455966
BP_65,bulk_property:bp_50,bulk_property,54,1.0,0.993547,0.991175,0.992361,1.042361
BP_65,bulk_property:bp_80,bulk_property,54,1.0,0.989434,0.989231,0.989333,1.039333
BP_65,bulk_property:bp_35,bulk_property,54,1.0,0.9726,0.966642,0.969621,1.019621
BP_65,bulk_property:bp_20,bulk_property,54,1.0,0.939426,0.932088,0.935757,0.985757
BP_65,gc_fid:pls:density_20c:lv1,gc_fid,54,1.0,0.943845,0.916098,0.929972,0.979972
BP_65,gc_fid:pls:saturates:lv1,gc_fid,54,1.0,-0.929367,-0.901003,0.915185,0.965185
BP_65,gc_fid:pls:bp_80:lv1,gc_fid,54,1.0,0.904009,0.900964,0.902487,0.952487
BP_65,gc_fid:pls:bp_65:lv1,gc_fid,54,1.0,0.903458,0.899135,0.901297,0.951297
BP_65,gc_fid:pls:bp_50:lv1,gc_fid,54,1.0,0.902007,0.90005,0.901029,0.951029
BP_65,gc_fid:pls:bp_35:lv1,gc_fid,54,1.0,0.899264,0.900583,0.899924,0.949924
BP_65,gc_fid:pls:bp_20:lv1,gc_fid,54,1.0,0.894036,0.899592,0.896814,0.946814
BP_65,gc_fid:pca:pc1,gc_fid,54,1.0,-0.854804,-0.890024,0.872414,0.922414
BP_65,ir_spectrum:pca:pc3,ir_spectrum,52,0.962963,-0.689249,-0.713825,0.701537,0.725554
BP_65,ir_spectrum:pls:bp_20:lv1,ir_spectrum,52,0.962963,0.694839,0.702512,0.698676,0.722799
BP_65,ir_spectrum:pls:bp_35:lv1,ir_spectrum,52,0.962963,0.655474,0.667122,0.661298,0.686806
BP_65,ir_spectrum:pls:bp_50:lv1,ir_spectrum,52,0.962963,0.643636,0.65423,0.648933,0.674898
BP_65,ir_spectrum:pls:bp_65:lv1,ir_spectrum,52,0.962963,0.601523,0.641977,0.62175,0.648722
BP_65,ir_spectrum:pls:bp_80:lv2,ir_spectrum,52,0.962963,0.596783,0.569916,0.58335,0.611744
BP_65,ir_spectrum:pls:saturates:lv4,ir_spectrum,52,0.962963,-0.591425,-0.571624,0.581524,0.609986
BP_65,ir_spectrum:pls:bp_80:lv1,ir_spectrum,52,0.962963,0.515065,0.578326,0.546696,0.576448
BP_65,ir_spectrum:pls:saturates:lv2,ir_spectrum,52,0.962963,-0.421265,-0.596128,0.508697,0.539856
BP_65,ir_spectrum:pls:bp_65:lv2,ir_spectrum,52,0.962963,0.505839,0.479669,0.492754,0.524504
BP_65,ir_spectrum:pls:bp_50:lv3,ir_spectrum,52,0.962963,0.437736,0.434972,0.436354,0.470193
BP_65,ir_spectrum:pls:bp_35:lv3,ir_spectrum,52,0.962963,0.436543,0.425324,0.430934,0.464973
BP_65,ir_spectrum:pls:bp_20:lv3,ir_spectrum,52,0.962963,0.437287,0.420543,0.428915,0.463029
BP_80,bulk_property:bp_65,bulk_property,54,1.0,0.989434,0.989231,0.989333,1.039333
BP_80,bulk_property:bp_50,bulk_property,54,1.0,0.967513,0.967618,0.967565,1.017565
BP_80,bulk_property:bp_35,bulk_property,54,1.0,0.931783,0.933115,0.932449,0.982449
BP_80,gc_fid:pls:density_20c:lv1,gc_fid,54,1.0,0.937368,0.908992,0.92318,0.97318
BP_80,gc_fid:pls:saturates:lv1,gc_fid,54,1.0,-0.925239,-0.898357,0.911798,0.961798
BP_80,gc_fid:pls:bp_80:lv1,gc_fid,54,1.0,0.896234,0.893059,0.894646,0.944646
BP_80,gc_fid:pls:bp_65:lv1,gc_fid,54,1.0,0.894084,0.890047,0.892065,0.942065
BP_80,gc_fid:pls:bp_50:lv1,gc_fid,54,1.0,0.891423,0.890657,0.89104,0.94104
BP_80,gc_fid:pls:bp_35:lv1,gc_fid,54,1.0,0.887698,0.8902,0.888949,0.938949
BP_80,bulk_property:bp_20,bulk_property,54,1.0,0.888065,0.88955,0.888808,0.938808
BP_80,gc_fid:pls:bp_20:lv1,gc_fid,54,1.0,0.881897,0.887531,0.884714,0.934714
BP_80,gc_fid:pca:pc1,gc_fid,54,1.0,-0.844471,-0.880556,0.862513,0.912513
BP_80,ir_spectrum:pls:bp_20:lv1,ir_spectrum,52,0.962963,0.675926,0.69753,0.686728,0.711294
BP_80,ir_spectrum:pca:pc3,ir_spectrum,52,0.962963,-0.665686,-0.68895,0.677318,0.702232
BP_80,ir_spectrum:pls:bp_35:lv1,ir_spectrum,52,0.962963,0.641205,0.669996,0.655601,0.681319
BP_80,ir_spectrum:pls:bp_50:lv1,ir_spectrum,52,0.962963,0.632372,0.661544,0.646958,0.672997
BP_80,ir_spectrum:pls:bp_65:lv1,ir_spectrum,52,0.962963,0.594936,0.653476,0.624206,0.651087
BP_80,ir_spectrum:pls:saturates:lv4,ir_spectrum,52,0.962963,-0.584992,-0.558366,0.571679,0.600506
BP_80,ir_spectrum:pls:bp_80:lv1,ir_spectrum,52,0.962963,0.51529,0.597682,0.556486,0.585875
BP_80,ir_spectrum:pls:bp_80:lv2,ir_spectrum,52,0.962963,0.572654,0.523319,0.547986,0.57769
BP_80,ir_spectrum:pls:saturates:lv2,ir_spectrum,52,0.962963,-0.391381,-0.569636,0.480508,0.512712
BP_80,ir_spectrum:pls:bp_50:lv3,ir_spectrum,52,0.962963,0.459182,0.467695,0.463439,0.496274
BP_80,ir_spectrum:pls:bp_20:lv3,ir_spectrum,52,0.962963,0.460788,0.464451,0.462619,0.495485
BP_80,ir_spectrum:pls:bp_35:lv3,ir_spectrum,52,0.962963,0.459412,0.465518,0.462465,0.495337
BP_80,ir_spectrum:pls:bp_65:lv2,ir_spectrum,52,0.962963,0.479404,0.430087,0.454746,0.487903
density_20c,bulk_property:saturates,bulk_property,54,1.0,-0.873225,-0.817771,0.845498,0.895498
density_20c,ir:weighted_x_q90,ir,52,0.962963,0.727177,0.681653,0.704415,0.728325
density_20c,ir_spectrum:pls:density_20c:lv2,ir_spectrum,52,0.962963,0.664839,0.742086,0.703463,0.727409
density_20c,ir_spectrum:pls:saturates:lv2,ir_spectrum,52,0.962963,-0.698491,-0.684839,0.691665,0.716048
density_20c,ir_spectrum:pls:density_20c:lv1,ir_spectrum,52,0.962963,0.627487,0.616278,0.621882,0.64885
density_20c,ir_spectrum:pls:saturates:lv1,ir_spectrum,52,0.962963,-0.601065,-0.602147,0.601606,0.629324
density_20c,ir_spectrum:pls:bp_35:lv1,ir_spectrum,52,0.962963,0.609068,0.591944,0.600506,0.628265
density_20c,ir_spectrum:pca:pc1,ir_spectrum,52,0.962963,-0.573981,-0.600013,0.586997,0.615256
density_20c,ir_spectrum:pls:bp_65:lv1,ir_spectrum,52,0.962963,0.606183,0.566586,0.586385,0.614667
density_20c,ir_spectrum:pls:bp_50:lv1,ir_spectrum,52,0.962963,0.601573,0.571069,0.586321,0.614605
density_20c,ir_spectrum:pls:bp_80:lv1,ir_spectrum,52,0.962963,0.61119,0.556682,0.583936,0.612309
density_20c,ir_spectrum:pls:bp_20:lv1,ir_spectrum,52,0.962963,0.57671,0.58362,0.580165,0.608677
density_20c,ir_spectrum:pca:pc4,ir_spectrum,52,0.962963,0.579588,0.492134,0.535861,0.566015
density_20c,ir:weighted_x_mean,ir,52,0.962963,0.432458,0.583705,0.508081,0.539264
density_20c,ir_spectrum:pls:bp_65:lv4,ir_spectrum,52,0.962963,0.388152,0.536276,0.462214,0.495095
density_20c,gc_fid:pls:density_20c:lv3,gc_fid,54,1.0,0.4251,0.430183,0.427642,0.477642
density_20c,ir:weighted_x_q50,ir,52,0.962963,0.333457,0.554114,0.443786,0.477349
density_20c,bulk_property:bp_80,bulk_property,54,1.0,0.387071,0.410266,0.398669,0.448669
density_20c,bulk_property:bp_65,bulk_property,54,1.0,0.361071,0.4168,0.388936,0.438936
density_20c,ir_spectrum:pls:bp_50:lv4,ir_spectrum,52,0.962963,0.299195,0.493671,0.396433,0.431751
density_20c,bulk_property:bp_50,bulk_property,54,1.0,0.343184,0.406137,0.374661,0.424661
density_20c,bulk_property:bp_35,bulk_property,54,1.0,0.336127,0.394236,0.365181,0.415181
density_20c,gc_fid:pls:density_20c:lv1,gc_fid,54,1.0,0.375803,0.349712,0.362758,0.412758
density_20c,ir_spectrum:pca:pc2,ir_spectrum,52,0.962963,-0.28445,-0.466605,0.375528,0.411619
density_20c,ir_spectrum:pls:bp_35:lv4,ir_spectrum,52,0.962963,0.261633,0.474973,0.368303,0.404662
saturates,bulk_property:density_20c,bulk_property,54,1.0,-0.873225,-0.817771,0.845498,0.895498
saturates,ir:weighted_x_q90,ir,52,0.962963,-0.697264,-0.657977,0.67762,0.702523
saturates,ir_spectrum:pls:density_20c:lv1,ir_spectrum,52,0.962963,-0.663573,-0.620422,0.641997,0.668219
saturates,ir_spectrum:pls:saturates:lv1,ir_spectrum,52,0.962963,0.656323,0.627508,0.641916,0.668141
saturates,ir_spectrum:pca:pc1,ir_spectrum,52,0.962963,0.635169,0.622898,0.629033,0.655736
saturates,ir:weighted_x_mean,ir,52,0.962963,-0.544614,-0.623922,0.584268,0.612628
saturates,ir_spectrum:pls:bp_80:lv1,ir_spectrum,52,0.962963,-0.629123,-0.465295,0.547209,0.576942
saturates,ir_spectrum:pls:saturates:lv2,ir_spectrum,52,0.962963,0.545746,0.52907,0.537408,0.567504
saturates,ir:weighted_x_q50,ir,52,0.962963,-0.459753,-0.613131,0.536442,0.566574
saturates,ir_spectrum:pls:bp_65:lv1,ir_spectrum,52,0.962963,-0.59105,-0.432169,0.511609,0.542661
saturates,ir_spectrum:pls:bp_35:lv1,ir_spectrum,52,0.962963,-0.55119,-0.429267,0.490229,0.522072
saturates,ir_spectrum:pls:bp_50:lv1,ir_spectrum,52,0.962963,-0.562164,-0.417314,0.489739,0.5216
saturates,ir_spectrum:pls:bp_20:lv2,ir_spectrum,52,0.962963,0.452362,0.469564,0.460963,0.49389
saturates,ir_spectrum:pls:bp_20:lv1,ir_spectrum,52,0.962963,-0.494712,-0.394519,0.444616,0.478148
saturates,ir:weighted_x_q10,ir,52,0.962963,-0.468173,-0.418905,0.443539,0.477112
saturates,gc_fid:pca:pc3,gc_fid,54,1.0,0.386278,0.452458,0.419368,0.469368
saturates,ir_spectrum:pca:pc4,ir_spectrum,52,0.962963,-0.411811,-0.455818,0.433815,0.467748
saturates,bulk_property:bp_80,bulk_property,54,1.0,-0.437803,-0.363681,0.400742,0.450742
saturates,gc_fid:pls:bp_65:lv2,gc_fid,54,1.0,-0.347533,-0.446435,0.396984,0.446984
saturates,gc_fid:pls:bp_80:lv2,gc_fid,54,1.0,-0.351125,-0.442776,0.39695,0.44695
saturates,ir_spectrum:pls:density_20c:lv2,ir_spectrum,52,0.962963,-0.346388,-0.467173,0.406781,0.441715
saturates,gc_fid:pls:bp_50:lv2,gc_fid,54,1.0,-0.341801,-0.438507,0.390154,0.440154
saturates,ir_spectrum:pls:bp_35:lv2,ir_spectrum,52,0.962963,0.384258,0.423717,0.403988,0.439025
saturates,gc_fid:pls:density_20c:lv2,gc_fid,54,1.0,-0.334572,-0.42791,0.381241,0.431241
saturates,gc_fid:pls:bp_35:lv2,gc_fid,54,1.0,-0.332326,-0.428748,0.380537,0.430537
