,density_20c,saturates,BP_20,BP_35,BP_50,BP_65,BP_80
petroleum_fraction_db_001,1.0109,36.2388403571084,376.6,394.6,411.4,430.0,458.2
petroleum_fraction_db_002,0.8864,78.8644442309535,367.6,394.6,416.6,439.8,469.2
petroleum_fraction_db_003,0.9004,90.9286047596827,251.4,267.8,281.0,292.2,302.0
petroleum_fraction_db_004,0.9149,57.8354892860672,361.2,394.2,420.8,444.2,468.6
petroleum_fraction_db_005,0.9404,67.83216783216895,459.6,484.8,502.8,518.6,536.8
petroleum_fraction_db_006,0.9612,34.00468384074938,511.6,536.0,552.4,568.6,594.8
petroleum_fraction_db_007,0.8713,91.31,350.6,378.2,399.2,419.0,442.2
petroleum_fraction_db_008,0.8871,90.27,417.4,434.8,452.2,472.8,497.0
petroleum_fraction_db_009,0.8498,88.64878937776648,358.4,378.0,395.6,412.8,434.0
petroleum_fraction_db_010,0.8619,88.04270462633271,336.4,352.0,365.8,379.2,395.6
petroleum_fraction_db_011,0.8603,90.17481743748591,398.6,415.4,430.8,445.6,465.4
petroleum_fraction_db_012,0.8746,86.93941778127602,438.0,456.2,470.0,482.4,495.0
petroleum_fraction_db_013,0.8852,82.40403173922249,493.2,505.0,514.2,523.6,535.0
petroleum_fraction_db_014,1.0752,17.74432902268247,382.8,415.8,453.4,498.6,567.6
petroleum_fraction_db_015,1.0513,20.82651837313297,360.8,389.0,426.0,481.8,571.2
petroleum_fraction_db_016,0.9038,84.6058051537492,290.2,304.4,318.2,329.0,339.4
petroleum_fraction_db_017,0.9241,78.19314641744538,351.2,369.8,384.0,397.0,410.4
petroleum_fraction_db_018,0.9333,76.40449438202288,388.4,412.8,426.2,436.2,445.6
petroleum_fraction_db_019,0.938,72.743445692885,442.0,456.8,469.0,480.4,492.2
petroleum_fraction_db_020,0.9322,67.06737760542904,355.8,383.0,402.8,419.4,435.6
petroleum_fraction_db_021,0.9338,73.4529513711913,312.0,330.8,344.4,355.8,367.8
petroleum_fraction_db_022,0.9568,62.3645320197054,381.8,398.2,412.0,423.8,434.8
petroleum_fraction_db_023,0.9661,67.9573857816017,424.2,433.4,440.2,447.4,457.0
petroleum_fraction_db_024,0.9683,69.20918632443072,436.2,446.8,457.6,469.4,483.4
petroleum_fraction_db_025,0.9604,65.70098707968917,360.8,393.2,416.6,435.0,454.6
petroleum_fraction_db_026,0.8348,96.2717114725061,351.2,381.2,402.8,420.8,437.4
petroleum_fraction_db_027,0.816,93.3670601461496,199.0,221.6,238.2,250.2,264.0
petroleum_fraction_db_028,0.8443,92.3713334049644,314.0,337.4,359.4,381.2,408.6
petroleum_fraction_db_029,0.8748,84.59937565036445,366.4,382.6,398.6,411.6,429.0
petroleum_fraction_db_030,0.904,81.15419296663713,432.8,448.2,467.2,487.6,509.4
petroleum_fraction_db_031,0.8653,84.03912079048061,366.0,400.2,428.0,449.4,483.2
petroleum_fraction_db_032,0.8634,80.21159153633693,257.2,287.0,309.2,332.2,357.2
petroleum_fraction_db_033,0.9002,78.72959279414542,368.0,398.6,421.8,444.2,471.0
petroleum_fraction_db_034,0.9133,60.6094578067661,438.6,470.8,494.6,514.8,536.0
petroleum_fraction_db_035,0.9004,71.55463275369856,378.4,411.2,438.0,467.2,499.8
petroleum_fraction_db_036,0.8621,82.44899289485755,251.6,278.2,299.6,319.4,337.8
petroleum_fraction_db_037,0.884,66.69643743177537,296.4,332.0,362.8,395.6,433.4
petroleum_fraction_db_038,0.9193,69.43429756145848,395.6,427.6,454.0,479.8,508.0
petroleum_fraction_db_039,0.8861,68.12066428421268,297.0,332.4,363.2,395.8,433.4
petroleum_fraction_db_040,0.8896,78.40850448962838,360.6,381.2,397.8,414.6,432.8
petroleum_fraction_db_041,0.905,71.73697761933083,406.6,436.4,459.0,480.0,501.4
petroleum_fraction_db_042,0.8366,86.20824762464481,297.4,324.4,346.4,361.8,376.0
petroleum_fraction_db_043,0.8436,87.62604013705467,315.6,337.6,355.0,368.2,380.2
petroleum_fraction_db_044,0.8488,89.27249166975072,390.2,401.8,413.0,424.4,436.8
petroleum_fraction_db_045,0.8472,90.75638318295351,390.2,401.8,412.6,423.6,436.2
petroleum_fraction_db_046,0.8737,88.03324654516405,443.2,456.8,468.0,479.8,492.2
petroleum_fraction_db_047,0.8751,67.7861017824838,501.0,515.4,525.2,534.4,545.4
petroleum_fraction_db_048,0.8431,84.32161790693164,298.2,336.2,360.6,381.6,404.6
petroleum_fraction_db_049,0.8099,95.99030400969616,331.8,349.2,363.0,376.6,394.6
petroleum_fraction_db_050,0.8712,90.1720590985581,287.2,313.0,332.6,348.6,363.4
petroleum_fraction_db_051,0.9046,85.100441401674,391.6,419.8,443.0,466.0,490.2
petroleum_fraction_db_052,0.9183,74.06340057636729,469.0,508.6,530.0,548.4,569.0
petroleum_fraction_db_053,0.9486,57.01745218936226,551.6,573.0,590.0,608.8,642.4
petroleum_fraction_db_054,0.8989,77.58734344100148,342.4,359.4,370.2,379.2,388.2
petroleum_fraction_db_055,0.899,81.95100612423464,342.2,359.2,370.0,378.8,388.0
petroleum_fraction_db_056,0.8945,79.75487170443637,348.4,386.8,417.0,442.8,471.0
petroleum_fraction_db_057,0.8553,81.55222680205082,289.4,307.6,319.2,328.0,334.6
petroleum_fraction_db_058,0.8559,88.38697708932376,374.0,395.2,412.8,430.6,453.4
petroleum_fraction_db_059,0.8737,85.86303939962495,443.4,463.8,481.0,498.2,518.8
petroleum_fraction_db_060,0.8782,75.83022553720595,432.6,472.2,524.4,558.8,607.0
petroleum_fraction_db_061,0.8754,74.62847297006377,242.8,294.6,339.2,379.6,421.0
petroleum_fraction_db_062,0.9395,52.60975116326254,390.0,408.0,421.6,437.0,457.2
petroleum_fraction_db_063,0.8783,86.55688622754492,343.0,375.6,404.0,429.0,456.4
petroleum_fraction_db_064,0.9008,82.81183932346727,453.4,478.4,494.0,505.4,523.2
petroleum_fraction_db_065,0.8565,91.33768521396628,365.6,378.6,390.2,402.2,419.8
petroleum_fraction_db_066,0.8712,90.26486049332767,399.6,415.8,427.2,438.2,450.8
petroleum_fraction_db_067,0.8731,86.8474495281333,333.8,370.0,402.2,431.2,464.0
petroleum_fraction_db_068,0.8877,76.0709325926709,355.4,383.0,402.4,420.4,439.6
