sample_id,raw_sample_id,split,workbook,channels,feature_count,property_count
petroleum_fraction_db_007,petroleum_fraction_db_007,test,data\experimental_db\petroleum_fraction_dataset\test\petroleum_fraction_db_007.xlsx,"bulk_properties, gc_fid, ir",23,7
petroleum_fraction_db_013,petroleum_fraction_db_013,test,data\experimental_db\petroleum_fraction_dataset\test\petroleum_fraction_db_013.xlsx,"bulk_properties, gc_fid, ir",23,7
petroleum_fraction_db_015,petroleum_fraction_db_015,test,data\experimental_db\petroleum_fraction_dataset\test\petroleum_fraction_db_015.xlsx,"bulk_properties, gc_fid",15,7
petroleum_fraction_db_024,petroleum_fraction_db_024,test,data\experimental_db\petroleum_fraction_dataset\test\petroleum_fraction_db_024.xlsx,"bulk_properties, gc_fid",15,7
petroleum_fraction_db_027,petroleum_fraction_db_027,test,data\experimental_db\petroleum_fraction_dataset\test\petroleum_fraction_db_027.xlsx,"bulk_properties, gc_fid, ir",23,7
petroleum_fraction_db_039,petroleum_fraction_db_039,test,data\experimental_db\petroleum_fraction_dataset\test\petroleum_fraction_db_039.xlsx,"bulk_properties, gc_fid, ir",23,7
petroleum_fraction_db_041,petroleum_fraction_db_041,test,data\experimental_db\petroleum_fraction_dataset\test\petroleum_fraction_db_041.xlsx,"bulk_properties, gc_fid, ir",23,7
petroleum_fraction_db_047,petroleum_fraction_db_047,test,data\experimental_db\petroleum_fraction_dataset\test\petroleum_fraction_db_047.xlsx,"bulk_properties, gc_fid, ir",23,7
petroleum_fraction_db_048,petroleum_fraction_db_048,test,data\experimental_db\petroleum_fraction_dataset\test\petroleum_fraction_db_048.xlsx,"bulk_properties, gc_fid, ir",23,7
petroleum_fraction_db_053,petroleum_fraction_db_053,test,data\experimental_db\petroleum_fraction_dataset\test\petroleum_fraction_db_053.xlsx,"bulk_properties, gc_fid, ir",23,7
petroleum_fraction_db_056,petroleum_fraction_db_056,test,data\experimental_db\petroleum_fraction_dataset\test\petroleum_fraction_db_056.xlsx,"bulk_properties, gc_fid, ir",23,7
petroleum_fraction_db_061,petroleum_fraction_db_061,test,data\experimental_db\petroleum_fraction_dataset\test\petroleum_fraction_db_061.xlsx,"bulk_properties, gc_fid, ir",23,7
petroleum_fraction_db_065,petroleum_fraction_db_065,test,data\experimental_db\petroleum_fraction_dataset\test\petroleum_fraction_db_065.xlsx,"bulk_properties, gc_fid, ir",23,7
petroleum_fraction_db_067,petroleum_fraction_db_067,test,data\experimental_db\petroleum_fraction_dataset\test\petroleum_fraction_db_067.xlsx,"bulk_properties, gc_fid, ir",23,7
petroleum_fraction_db_001,petroleum_fraction_db_001,train,data\experimental_db\petroleum_fraction_dataset\train\petroleum_fraction_db_001.xlsx,"bulk_properties, gc_fid, ir",23,7
petroleum_fraction_db_002,petroleum_fraction_db_002,train,data\experimental_db\petroleum_fraction_dataset\train\petroleum_fraction_db_002.xlsx,"bulk_properties, gc_fid, ir",23,7
petroleum_fraction_db_003,petroleum_fraction_db_003,train,data\experimental_db\petroleum_fraction_dataset\train\petroleum_fraction_db_003.xlsx,"bulk_properties, gc_fid, ir",23,7
petroleum_fraction_db_004,petroleum_fraction_db_004,train,data\experimental_db\petroleum_fraction_dataset\train\petroleum_fraction_db_004.xlsx,"bulk_properties, gc_fid, ir",23,7
petroleum_fraction_db_005,petroleum_fraction_db_005,train,data\experimental_db\petroleum_fraction_dataset\train\petroleum_fraction_db_005.xlsx,"bulk_properties, gc_fid, ir",23,7
petroleum_fraction_db_006,petroleum_fraction_db_006,train,data\experimental_db\petroleum_fraction_dataset\train\petroleum_fraction_db_006.xlsx,"bulk_properties, gc_fid, ir",23,7
petroleum_fraction_db_008,petroleum_fraction_db_008,train,data\experimental_db\petroleum_fraction_dataset\train\petroleum_fraction_db_008.xlsx,"bulk_properties, gc_fid, ir",23,7
petroleum_fraction_db_009,petroleum_fraction_db_009,train,data\experimental_db\petroleum_fraction_dataset\train\petroleum_fraction_db_009.xlsx,"bulk_properties, gc_fid, ir",23,7
petroleum_fraction_db_010,petroleum_fraction_db_010,train,data\experimental_db\petroleum_fraction_dataset\train\petroleum_fraction_db_010.xlsx,"bulk_properties, gc_fid, ir",23,7
petroleum_fraction_db_011,petroleum_fraction_db_011,train,data\experimental_db\petroleum_fraction_dataset\train\petroleum_fraction_db_011.xlsx,"bulk_properties, gc_fid, ir",23,7
petroleum_fraction_db_012,petroleum_fraction_db_012,train,data\experimental_db\petroleum_fraction_dataset\train\petroleum_fraction_db_012.xlsx,"bulk_properties, gc_fid, ir",23,7
petroleum_fraction_db_014,petroleum_fraction_db_014,train,data\experimental_db\petroleum_fraction_dataset\train\petroleum_fraction_db_014.xlsx,"bulk_properties, gc_fid",15,7
petroleum_fraction_db_016,petroleum_fraction_db_016,train,data\experimental_db\petroleum_fraction_dataset\train\petroleum_fraction_db_016.xlsx,"bulk_properties, gc_fid, ir",23,7
petroleum_fraction_db_017,petroleum_fraction_db_017,train,data\experimental_db\petroleum_fraction_dataset\train\petroleum_fraction_db_017.xlsx,"bulk_properties, gc_fid, ir",23,7
petroleum_fraction_db_018,petroleum_fraction_db_018,train,data\experimental_db\petroleum_fraction_dataset\train\petroleum_fraction_db_018.xlsx,"bulk_properties, gc_fid, ir",23,7
petroleum_fraction_db_019,petroleum_fraction_db_019,train,data\experimental_db\petroleum_fraction_dataset\train\petroleum_fraction_db_019.xlsx,"bulk_properties, gc_fid, ir",23,7
petroleum_fraction_db_020,petroleum_fraction_db_020,train,data\experimental_db\petroleum_fraction_dataset\train\petroleum_fraction_db_020.xlsx,"bulk_properties, gc_fid, ir",23,7
petroleum_fraction_db_021,petroleum_fraction_db_021,train,data\experimental_db\petroleum_fraction_dataset\train\petroleum_fraction_db_021.xlsx,"bulk_properties, gc_fid, ir",23,7
petroleum_fraction_db_022,petroleum_fraction_db_022,train,data\experimental_db\petroleum_fraction_dataset\train\petroleum_fraction_db_022.xlsx,"bulk_properties, gc_fid, ir",23,7
petroleum_fraction_db_023,petroleum_fraction_db_023,train,data\experimental_db\petroleum_fraction_dataset\train\petroleum_fraction_db_023.xlsx,"bulk_properties, gc_fid, ir",23,7
petroleum_fraction_db_025,petroleum_fraction_db_025,train,data\experimental_db\petroleum_fraction_dataset\train\petroleum_fraction_db_025.xlsx,"bulk_properties, gc_fid, ir",23,7
petroleum_fraction_db_026,petroleum_fraction_db_026,train,data\experimental_db\petroleum_fraction_dataset\train\petroleum_fraction_db_026.xlsx,"bulk_properties, gc_fid",15,7
petroleum_fraction_db_028,petroleum_fraction_db_028,train,data\experimental_db\petroleum_fraction_dataset\train\petroleum_fraction_db_028.xlsx,"bulk_properties, gc_fid, ir",23,7
petroleum_fraction_db_029,petroleum_fraction_db_029,train,data\experimental_db\petroleum_fraction_dataset\train\petroleum_fraction_db_029.xlsx,"bulk_properties, gc_fid, ir",23,7
petroleum_fraction_db_030,petroleum_fraction_db_030,train,data\experimental_db\petroleum_fraction_dataset\train\petroleum_fraction_db_030.xlsx,"bulk_properties, gc_fid, ir",23,7
petroleum_fraction_db_031,petroleum_fraction_db_031,train,data\experimental_db\petroleum_fraction_dataset\train\petroleum_fraction_db_031.xlsx,"bulk_properties, gc_fid, ir",23,7
petroleum_fraction_db_032,petroleum_fraction_db_032,train,data\experimental_db\petroleum_fraction_dataset\train\petroleum_fraction_db_032.xlsx,"bulk_properties, gc_fid, ir",23,7
petroleum_fraction_db_033,petroleum_fraction_db_033,train,data\experimental_db\petroleum_fraction_dataset\train\petroleum_fraction_db_033.xlsx,"bulk_properties, gc_fid, ir",23,7
petroleum_fraction_db_034,petroleum_fraction_db_034,train,data\experimental_db\petroleum_fraction_dataset\train\petroleum_fraction_db_034.xlsx,"bulk_properties, gc_fid, ir",23,7
petroleum_fraction_db_035,petroleum_fraction_db_035,train,data\experimental_db\petroleum_fraction_dataset\train\petroleum_fraction_db_035.xlsx,"bulk_properties, gc_fid, ir",23,7
petroleum_fraction_db_036,petroleum_fraction_db_036,train,data\experimental_db\petroleum_fraction_dataset\train\petroleum_fraction_db_036.xlsx,"bulk_properties, gc_fid, ir",23,7
petroleum_fraction_db_037,petroleum_fraction_db_037,train,data\experimental_db\petroleum_fraction_dataset\train\petroleum_fraction_db_037.xlsx,"bulk_properties, gc_fid, ir",23,7
petroleum_fraction_db_038,petroleum_fraction_db_038,train,data\experimental_db\petroleum_fraction_dataset\train\petroleum_fraction_db_038.xlsx,"bulk_properties, gc_fid, ir",23,7
petroleum_fraction_db_040,petroleum_fraction_db_040,train,data\experimental_db\petroleum_fraction_dataset\train\petroleum_fraction_db_040.xlsx,"bulk_properties, gc_fid, ir",23,7
petroleum_fraction_db_042,petroleum_fraction_db_042,train,data\experimental_db\petroleum_fraction_dataset\train\petroleum_fraction_db_042.xlsx,"bulk_properties, gc_fid, ir",23,7
petroleum_fraction_db_043,petroleum_fraction_db_043,train,data\experimental_db\petroleum_fraction_dataset\train\petroleum_fraction_db_043.xlsx,"bulk_properties, gc_fid, ir",23,7
petroleum_fraction_db_044,petroleum_fraction_db_044,train,data\experimental_db\petroleum_fraction_dataset\train\petroleum_fraction_db_044.xlsx,"bulk_properties, gc_fid, ir",23,7
petroleum_fraction_db_045,petroleum_fraction_db_045,train,data\experimental_db\petroleum_fraction_dataset\train\petroleum_fraction_db_045.xlsx,"bulk_properties, gc_fid, ir",23,7
petroleum_fraction_db_046,petroleum_fraction_db_046,train,data\experimental_db\petroleum_fraction_dataset\train\petroleum_fraction_db_046.xlsx,"bulk_properties, gc_fid, ir",23,7
petroleum_fraction_db_049,petroleum_fraction_db_049,train,data\experimental_db\petroleum_fraction_dataset\train\petroleum_fraction_db_049.xlsx,"bulk_properties, gc_fid, ir",23,7
petroleum_fraction_db_050,petroleum_fraction_db_050,train,data\experimental_db\petroleum_fraction_dataset\train\petroleum_fraction_db_050.xlsx,"bulk_properties, gc_fid, ir",23,7
petroleum_fraction_db_051,petroleum_fraction_db_051,train,data\experimental_db\petroleum_fraction_dataset\train\petroleum_fraction_db_051.xlsx,"bulk_properties, gc_fid, ir",23,7
petroleum_fraction_db_052,petroleum_fraction_db_052,train,data\experimental_db\petroleum_fraction_dataset\train\petroleum_fraction_db_052.xlsx,"bulk_properties, gc_fid, ir",23,7
petroleum_fraction_db_054,petroleum_fraction_db_054,train,data\experimental_db\petroleum_fraction_dataset\train\petroleum_fraction_db_054.xlsx,"bulk_properties, gc_fid, ir",23,7
petroleum_fraction_db_055,petroleum_fraction_db_055,train,data\experimental_db\petroleum_fraction_dataset\train\petroleum_fraction_db_055.xlsx,"bulk_properties, gc_fid, ir",23,7
petroleum_fraction_db_057,petroleum_fraction_db_057,train,data\experimental_db\petroleum_fraction_dataset\train\petroleum_fraction_db_057.xlsx,"bulk_properties, gc_fid, ir",23,7
petroleum_fraction_db_058,petroleum_fraction_db_058,train,data\experimental_db\petroleum_fraction_dataset\train\petroleum_fraction_db_058.xlsx,"bulk_properties, gc_fid, ir",23,7
petroleum_fraction_db_059,petroleum_fraction_db_059,train,data\experimental_db\petroleum_fraction_dataset\train\petroleum_fraction_db_059.xlsx,"bulk_properties, gc_fid, ir",23,7
petroleum_fraction_db_060,petroleum_fraction_db_060,train,data\experimental_db\petroleum_fraction_dataset\train\petroleum_fraction_db_060.xlsx,"bulk_properties, gc_fid, ir",23,7
petroleum_fraction_db_062,petroleum_fraction_db_062,train,data\experimental_db\petroleum_fraction_dataset\train\petroleum_fraction_db_062.xlsx,"bulk_properties, gc_fid, ir",23,7
petroleum_fraction_db_063,petroleum_fraction_db_063,train,data\experimental_db\petroleum_fraction_dataset\train\petroleum_fraction_db_063.xlsx,"bulk_properties, gc_fid, ir",23,7
petroleum_fraction_db_064,petroleum_fraction_db_064,train,data\experimental_db\petroleum_fraction_dataset\train\petroleum_fraction_db_064.xlsx,"bulk_properties, gc_fid, ir",23,7
petroleum_fraction_db_066,petroleum_fraction_db_066,train,data\experimental_db\petroleum_fraction_dataset\train\petroleum_fraction_db_066.xlsx,"bulk_properties, gc_fid, ir",23,7
petroleum_fraction_db_068,petroleum_fraction_db_068,train,data\experimental_db\petroleum_fraction_dataset\train\petroleum_fraction_db_068.xlsx,"bulk_properties, gc_fid, ir",23,7
