feature_left,feature_right,feature_left_channel,feature_right_channel,n,spearman,abs_spearman
gc_fid:pls:bp_50:lv1,gc_fid:pls:bp_65:lv1,gc_fid,gc_fid,54,0.999848,0.999848
gc_fid:pls:bp_35:lv1,gc_fid:pls:bp_50:lv1,gc_fid,gc_fid,54,0.999695,0.999695
gc_fid:pls:bp_65:lv1,gc_fid:pls:bp_80:lv1,gc_fid,gc_fid,54,0.999619,0.999619
gc_fid:pls:bp_20:lv1,gc_fid:pls:bp_35:lv1,gc_fid,gc_fid,54,0.999543,0.999543
gc_fid:pls:bp_50:lv1,gc_fid:pls:bp_80:lv1,gc_fid,gc_fid,54,0.999466,0.999466
gc_fid:pls:bp_35:lv1,gc_fid:pls:bp_65:lv1,gc_fid,gc_fid,54,0.99939,0.99939
gc_fid:pls:bp_35:lv1,gc_fid:pls:bp_80:lv1,gc_fid,gc_fid,54,0.999009,0.999009
gc_fid:pls:bp_20:lv1,gc_fid:pls:bp_50:lv1,gc_fid,gc_fid,54,0.998933,0.998933
ir_spectrum:pca:pc1,ir_spectrum:pls:saturates:lv1,ir_spectrum,ir_spectrum,52,0.99889,0.99889
gc_fid:pls:bp_20:lv1,gc_fid:pls:bp_65:lv1,gc_fid,gc_fid,54,0.998704,0.998704
ir_spectrum:pls:bp_35:lv2,ir_spectrum:pls:bp_50:lv2,ir_spectrum,ir_spectrum,52,0.998378,0.998378
gc_fid:pls:bp_20:lv1,gc_fid:pls:bp_80:lv1,gc_fid,gc_fid,54,0.998323,0.998323
ir_spectrum:pls:density_20c:lv1,ir_spectrum:pls:saturates:lv1,ir_spectrum,ir_spectrum,52,-0.99778,0.99778
ir_spectrum:pls:bp_35:lv1,ir_spectrum:pls:bp_50:lv1,ir_spectrum,ir_spectrum,52,0.997524,0.997524
ir_spectrum:pca:pc1,ir_spectrum:pls:density_20c:lv1,ir_spectrum,ir_spectrum,52,-0.997353,0.997353
gc_fid:pls:bp_35:lv2,gc_fid:pls:bp_50:lv2,gc_fid,gc_fid,54,0.995883,0.995883
gc_fid:pls:bp_50:lv2,gc_fid:pls:bp_65:lv2,gc_fid,gc_fid,54,0.995731,0.995731
gc_fid:pca:pc1,gc_fid:pls:bp_35:lv1,gc_fid,gc_fid,54,-0.995654,0.995654
gc_fid:pca:pc1,gc_fid:pls:bp_20:lv1,gc_fid,gc_fid,54,-0.995578,0.995578
ir_spectrum:pls:bp_20:lv4,ir_spectrum:pls:bp_35:lv4,ir_spectrum,ir_spectrum,52,0.99556,0.99556
gc_fid:pca:pc1,gc_fid:pls:bp_50:lv1,gc_fid,gc_fid,54,-0.995502,0.995502
gc_fid:pca:pc1,gc_fid:pls:bp_80:lv1,gc_fid,gc_fid,54,-0.995426,0.995426
gc_fid:pls:density_20c:lv1,gc_fid:pls:saturates:lv1,gc_fid,gc_fid,54,-0.99535,0.99535
gc_fid:pca:pc1,gc_fid:pls:bp_65:lv1,gc_fid,gc_fid,54,-0.995273,0.995273
ir_spectrum:pls:bp_50:lv1,ir_spectrum:pls:bp_65:lv1,ir_spectrum,ir_spectrum,52,0.995134,0.995134
ir_spectrum:pls:bp_50:lv2,ir_spectrum:pls:bp_65:lv2,ir_spectrum,ir_spectrum,52,0.994024,0.994024
gc_fid:pls:bp_65:lv2,gc_fid:pls:bp_80:lv2,gc_fid,gc_fid,54,0.993596,0.993596
ir:weighted_x_mean,ir_spectrum:pca:pc1,ir,ir_spectrum,52,-0.993426,0.993426
ir:weighted_x_mean,ir_spectrum:pls:saturates:lv1,ir,ir_spectrum,52,-0.993255,0.993255
ir_spectrum:pls:bp_35:lv4,ir_spectrum:pls:bp_50:lv4,ir_spectrum,ir_spectrum,52,0.99317,0.99317
bulk_property:bp_50,bulk_property:bp_65,bulk_property,bulk_property,54,0.991175,0.991175
ir_spectrum:pls:bp_35:lv2,ir_spectrum:pls:bp_65:lv2,ir_spectrum,ir_spectrum,52,0.98984,0.98984
ir_spectrum:pls:bp_35:lv1,ir_spectrum:pls:bp_65:lv1,ir_spectrum,ir_spectrum,52,0.989755,0.989755
ir_spectrum:pls:bp_20:lv2,ir_spectrum:pls:bp_35:lv2,ir_spectrum,ir_spectrum,52,0.989584,0.989584
bulk_property:bp_65,bulk_property:bp_80,bulk_property,bulk_property,54,0.989231,0.989231
ir:weighted_x_mean,ir_spectrum:pls:density_20c:lv1,ir,ir_spectrum,52,0.989157,0.989157
gc_fid:pls:bp_35:lv2,gc_fid:pls:bp_65:lv2,gc_fid,gc_fid,54,0.988869,0.988869
ir_spectrum:pls:bp_20:lv1,ir_spectrum:pls:bp_35:lv1,ir_spectrum,ir_spectrum,52,0.988816,0.988816
bulk_property:bp_20,bulk_property:bp_35,bulk_property,bulk_property,54,0.988277,0.988277
gc_fid:pca:pc3,gc_fid:pls:bp_80:lv2,gc_fid,gc_fid,54,-0.987955,0.987955
gc_fid:pca:pc3,gc_fid:pls:bp_65:lv2,gc_fid,gc_fid,54,-0.987421,0.987421
bulk_property:bp_35,bulk_property:bp_50,bulk_property,bulk_property,54,0.987248,0.987248
ir:weighted_x_mean,ir:weighted_x_q50,ir,ir,52,0.986958,0.986958
gc_fid:pls:bp_20:lv2,gc_fid:pls:bp_35:lv2,gc_fid,gc_fid,54,0.986887,0.986887
ir_spectrum:pls:bp_65:lv2,ir_spectrum:pls:bp_80:lv2,ir_spectrum,ir_spectrum,52,0.986767,0.986767
ir:weighted_x_q50,ir_spectrum:pca:pc1,ir,ir_spectrum,52,-0.985969,0.985969
ir_spectrum:pls:bp_20:lv3,ir_spectrum:pls:bp_35:lv3,ir_spectrum,ir_spectrum,52,0.985742,0.985742
ir_spectrum:pls:bp_65:lv1,ir_spectrum:pls:bp_80:lv1,ir_spectrum,ir_spectrum,52,0.985657,0.985657
ir_spectrum:pls:bp_50:lv4,ir_spectrum:pls:bp_65:lv4,ir_spectrum,ir_spectrum,52,0.985486,0.985486
ir_spectrum:pls:bp_20:lv2,ir_spectrum:pls:bp_50:lv2,ir_spectrum,ir_spectrum,52,0.984547,0.984547
ir:weighted_x_q50,ir_spectrum:pls:saturates:lv1,ir,ir_spectrum,52,-0.983777,0.983777
gc_fid:pca:pc3,gc_fid:pls:bp_50:lv2,gc_fid,gc_fid,54,-0.983762,0.983762
ir_spectrum:pls:bp_50:lv3,ir_spectrum:pls:bp_65:lv3,ir_spectrum,ir_spectrum,52,0.983693,0.983693
gc_fid:pls:bp_50:lv2,gc_fid:pls:bp_80:lv2,gc_fid,gc_fid,54,0.98338,0.98338
ir_spectrum:pls:bp_20:lv4,ir_spectrum:pls:bp_50:lv4,ir_spectrum,ir_spectrum,52,0.982583,0.982583
ir_spectrum:pls:bp_20:lv1,ir_spectrum:pls:bp_50:lv1,ir_spectrum,ir_spectrum,52,0.981559,0.981559
gc_fid:pls:density_20c:lv2,gc_fid:pls:saturates:lv2,gc_fid,gc_fid,54,-0.978882,0.978882
gc_fid:pls:bp_80:lv1,gc_fid:pls:saturates:lv1,gc_fid,gc_fid,54,-0.978654,0.978654
gc_fid:pls:bp_20:lv2,gc_fid:pls:bp_50:lv2,gc_fid,gc_fid,54,0.978501,0.978501
gc_fid:pls:bp_65:lv1,gc_fid:pls:saturates:lv1,gc_fid,gc_fid,54,-0.97812,0.97812
ir:weighted_x_q50,ir_spectrum:pls:density_20c:lv1,ir,ir_spectrum,52,0.977416,0.977416
gc_fid:pls:bp_50:lv1,gc_fid:pls:saturates:lv1,gc_fid,gc_fid,54,-0.976976,0.976976
gc_fid:pca:pc3,gc_fid:pls:bp_35:lv2,gc_fid,gc_fid,54,-0.975985,0.975985
gc_fid:pls:bp_80:lv1,gc_fid:pls:density_20c:lv1,gc_fid,gc_fid,54,0.975299,0.975299
gc_fid:pls:bp_65:lv1,gc_fid:pls:density_20c:lv1,gc_fid,gc_fid,54,0.975223,0.975223
gc_fid:pls:bp_35:lv1,gc_fid:pls:saturates:lv1,gc_fid,gc_fid,54,-0.975147,0.975147
gc_fid:pls:bp_50:lv1,gc_fid:pls:density_20c:lv1,gc_fid,gc_fid,54,0.974308,0.974308
gc_fid:pls:bp_20:lv1,gc_fid:pls:saturates:lv1,gc_fid,gc_fid,54,-0.973927,0.973927
ir_spectrum:pls:bp_35:lv3,ir_spectrum:pls:bp_50:lv3,ir_spectrum,ir_spectrum,52,0.973619,0.973619
gc_fid:pls:bp_35:lv1,gc_fid:pls:density_20c:lv1,gc_fid,gc_fid,54,0.97286,0.97286
gc_fid:pls:bp_35:lv2,gc_fid:pls:bp_80:lv2,gc_fid,gc_fid,54,0.972174,0.972174
gc_fid:pls:bp_20:lv1,gc_fid:pls:density_20c:lv1,gc_fid,gc_fid,54,0.971869,0.971869
ir_spectrum:pls:bp_50:lv1,ir_spectrum:pls:bp_80:lv1,ir_spectrum,ir_spectrum,52,0.969777,0.969777
ir_spectrum:pls:bp_50:lv2,ir_spectrum:pls:bp_80:lv2,ir_spectrum,ir_spectrum,52,0.969436,0.969436
ir_spectrum:pls:bp_35:lv4,ir_spectrum:pls:bp_65:lv4,ir_spectrum,ir_spectrum,52,0.96807,0.96807
gc_fid:pls:bp_20:lv2,gc_fid:pls:bp_65:lv2,gc_fid,gc_fid,54,0.967676,0.967676
bulk_property:bp_50,bulk_property:bp_80,bulk_property,bulk_property,54,0.967618,0.967618
bulk_property:bp_35,bulk_property:bp_65,bulk_property,bulk_property,54,0.966642,0.966642
ir_spectrum:pls:bp_20:lv2,ir_spectrum:pls:bp_65:lv2,ir_spectrum,ir_spectrum,52,0.966533,0.966533
ir_spectrum:pls:bp_20:lv1,ir_spectrum:pls:bp_65:lv1,ir_spectrum,ir_spectrum,52,0.965594,0.965594
gc_fid:pca:pc1,gc_fid:pls:saturates:lv1,gc_fid,gc_fid,54,0.96455,0.96455
ir_spectrum:pls:bp_65:lv3,ir_spectrum:pls:bp_80:lv3,ir_spectrum,ir_spectrum,52,0.962008,0.962008
ir_spectrum:pls:bp_35:lv2,ir_spectrum:pls:bp_80:lv2,ir_spectrum,ir_spectrum,52,0.961923,0.961923
gc_fid:pca:pc1,gc_fid:pls:density_20c:lv1,gc_fid,gc_fid,54,-0.961195,0.961195
bulk_property:bp_20,bulk_property:bp_50,bulk_property,bulk_property,54,0.960984,0.960984
gc_fid:pls:bp_20:lv3,gc_fid:pls:bp_35:lv3,gc_fid,gc_fid,54,0.958908,0.958908
gc_fid:pca:pc3,gc_fid:pls:bp_20:lv2,gc_fid,gc_fid,54,-0.958527,0.958527
ir_spectrum:pls:bp_35:lv1,ir_spectrum:pls:bp_80:lv1,ir_spectrum,ir_spectrum,52,0.957654,0.957654
gc_fid:pls:bp_35:lv3,gc_fid:pls:bp_50:lv3,gc_fid,gc_fid,54,0.955401,0.955401
ir_spectrum:pls:bp_20:lv4,ir_spectrum:pls:bp_65:lv4,ir_spectrum,ir_spectrum,52,0.952958,0.952958
ir_spectrum:pca:pc2,ir_spectrum:pls:bp_65:lv4,ir_spectrum,ir_spectrum,52,-0.950653,0.950653
gc_fid:pls:bp_20:lv2,gc_fid:pls:bp_80:lv2,gc_fid,gc_fid,54,0.949226,0.949226
ir_spectrum:pca:pc2,ir_spectrum:pls:bp_50:lv4,ir_spectrum,ir_spectrum,52,-0.934944,0.934944
gc_fid:pls:bp_65:lv2,gc_fid:pls:density_20c:lv2,gc_fid,gc_fid,54,0.933598,0.933598
bulk_property:bp_35,bulk_property:bp_80,bulk_property,bulk_property,54,0.933115,0.933115
bulk_property:bp_20,bulk_property:bp_65,bulk_property,bulk_property,54,0.932088,0.932088
gc_fid:pls:bp_80:lv2,gc_fid:pls:density_20c:lv2,gc_fid,gc_fid,54,0.931006,0.931006
ir_spectrum:pls:bp_20:lv3,ir_spectrum:pls:bp_50:lv3,ir_spectrum,ir_spectrum,52,0.93059,0.93059
gc_fid:pls:bp_50:lv2,gc_fid:pls:density_20c:lv2,gc_fid,gc_fid,54,0.930091,0.930091
ir_spectrum:pls:bp_35:lv3,ir_spectrum:pls:bp_65:lv3,ir_spectrum,ir_spectrum,52,0.927431,0.927431
ir_spectrum:pls:bp_20:lv2,ir_spectrum:pls:bp_80:lv2,ir_spectrum,ir_spectrum,52,0.921369,0.921369
gc_fid:pls:bp_35:lv2,gc_fid:pls:density_20c:lv2,gc_fid,gc_fid,54,0.921095,0.921095
bulk_property:bp_65,gc_fid:pls:density_20c:lv1,bulk_property,gc_fid,54,0.916098,0.916098
ir_spectrum:pls:bp_20:lv1,ir_spectrum:pls:bp_80:lv1,ir_spectrum,ir_spectrum,52,0.91471,0.91471
bulk_property:bp_50,gc_fid:pls:density_20c:lv1,bulk_property,gc_fid,54,0.912612,0.912612
bulk_property:bp_35,gc_fid:pls:density_20c:lv1,bulk_property,gc_fid,54,0.9119,0.9119
ir_spectrum:pls:bp_50:lv3,ir_spectrum:pls:bp_80:lv3,ir_spectrum,ir_spectrum,52,0.909929,0.909929
bulk_property:bp_80,gc_fid:pls:density_20c:lv1,bulk_property,gc_fid,54,0.908992,0.908992
bulk_property:bp_35,gc_fid:pls:bp_20:lv1,bulk_property,gc_fid,54,0.907516,0.907516
gc_fid:pca:pc3,gc_fid:pls:density_20c:lv2,gc_fid,gc_fid,54,-0.906,0.906
bulk_property:bp_35,gc_fid:pls:bp_35:lv1,bulk_property,gc_fid,54,0.905305,0.905305
gc_fid:pls:bp_65:lv2,gc_fid:pls:saturates:lv2,gc_fid,gc_fid,54,-0.904399,0.904399
gc_fid:pls:bp_80:lv2,gc_fid:pls:saturates:lv2,gc_fid,gc_fid,54,-0.903865,0.903865
ir:weighted_x_q50,ir_spectrum:pls:bp_20:lv2,ir,ir_spectrum,52,-0.902333,0.902333
bulk_property:bp_35,gc_fid:pls:bp_50:lv1,bulk_property,gc_fid,54,0.902217,0.902217
ir_spectrum:pca:pc2,ir_spectrum:pls:bp_35:lv4,ir_spectrum,ir_spectrum,52,-0.90216,0.90216
gc_fid:pls:bp_50:lv2,gc_fid:pls:saturates:lv2,gc_fid,gc_fid,54,-0.901578,0.901578
bulk_property:bp_65,gc_fid:pls:saturates:lv1,bulk_property,gc_fid,54,-0.901003,0.901003
bulk_property:bp_65,gc_fid:pls:bp_80:lv1,bulk_property,gc_fid,54,0.900964,0.900964
bulk_property:bp_35,gc_fid:pls:bp_65:lv1,bulk_property,gc_fid,54,0.900844,0.900844
bulk_property:bp_65,gc_fid:pls:bp_35:lv1,bulk_property,gc_fid,54,0.900583,0.900583
bulk_property:bp_50,gc_fid:pls:bp_20:lv1,bulk_property,gc_fid,54,0.900299,0.900299
bulk_property:bp_20,gc_fid:pls:bp_20:lv1,bulk_property,gc_fid,54,0.900147,0.900147
bulk_property:bp_35,gc_fid:pls:bp_80:lv1,bulk_property,gc_fid,54,0.90012,0.90012
bulk_property:bp_65,gc_fid:pls:bp_50:lv1,bulk_property,gc_fid,54,0.90005,0.90005
