top_k,sample_id,target_property,actual,estimate,actual_in_neighbor_range,neighbor_count
2,petroleum_fraction_db_007,density_20c,0.8713,0.856739,False,2
2,petroleum_fraction_db_007,saturates,91.31,86.532854,False,2
2,petroleum_fraction_db_007,BP_20,350.6,355.453041,False,2
2,petroleum_fraction_db_007,BP_35,378.2,379.32147,True,2
2,petroleum_fraction_db_007,BP_50,399.2,398.601826,True,2
2,petroleum_fraction_db_007,BP_65,419.0,416.099278,True,2
2,petroleum_fraction_db_007,BP_80,442.2,435.352752,False,2
2,petroleum_fraction_db_013,density_20c,0.8852,0.900597,True,2
2,petroleum_fraction_db_013,saturates,82.404032,80.124114,True,2
2,petroleum_fraction_db_013,BP_20,493.2,458.739146,False,2
2,petroleum_fraction_db_013,BP_35,505.0,471.44075,True,2
2,petroleum_fraction_db_013,BP_50,514.2,499.638255,True,2
2,petroleum_fraction_db_013,BP_65,523.6,552.434909,False,2
2,petroleum_fraction_db_013,BP_80,535.0,583.402886,False,2
2,petroleum_fraction_db_015,density_20c,1.0513,1.009369,True,2
2,petroleum_fraction_db_015,saturates,20.826518,39.008408,True,2
2,petroleum_fraction_db_015,BP_20,360.8,380.064011,False,2
2,petroleum_fraction_db_015,BP_35,389.0,406.561207,False,2
2,petroleum_fraction_db_015,BP_50,426.0,435.252888,True,2
2,petroleum_fraction_db_015,BP_65,481.8,469.077464,True,2
2,petroleum_fraction_db_015,BP_80,571.2,520.802601,False,2
2,petroleum_fraction_db_024,density_20c,0.9683,0.880383,False,2
2,petroleum_fraction_db_024,saturates,69.209186,89.150559,False,2
2,petroleum_fraction_db_024,BP_20,436.2,441.196975,False,2
2,petroleum_fraction_db_024,BP_35,446.8,456.569072,False,2
2,petroleum_fraction_db_024,BP_50,457.6,461.781396,True,2
2,petroleum_fraction_db_024,BP_65,469.4,476.967626,False,2
2,petroleum_fraction_db_024,BP_80,483.4,494.231442,False,2
2,petroleum_fraction_db_027,density_20c,0.816,0.880971,False,2
2,petroleum_fraction_db_027,saturates,93.36706,81.347131,False,2
2,petroleum_fraction_db_027,BP_20,199.0,254.366852,False,2
2,petroleum_fraction_db_027,BP_35,221.6,282.54587,False,2
2,petroleum_fraction_db_027,BP_50,238.2,304.338153,False,2
2,petroleum_fraction_db_027,BP_65,250.2,325.706201,False,2
2,petroleum_fraction_db_027,BP_80,264.0,347.319146,False,2
2,petroleum_fraction_db_039,density_20c,0.8861,0.881671,False,2
2,petroleum_fraction_db_039,saturates,68.120664,67.894704,True,2
2,petroleum_fraction_db_039,BP_20,297.0,295.812669,False,2
2,petroleum_fraction_db_039,BP_35,332.4,329.956548,False,2
2,petroleum_fraction_db_039,BP_50,363.2,361.413605,False,2
2,petroleum_fraction_db_039,BP_65,395.8,392.776439,False,2
2,petroleum_fraction_db_039,BP_80,433.4,428.7267,True,2
2,petroleum_fraction_db_041,density_20c,0.905,0.900317,False,2
2,petroleum_fraction_db_041,saturates,71.736978,74.601705,True,2
2,petroleum_fraction_db_041,BP_20,406.6,373.745289,False,2
2,petroleum_fraction_db_041,BP_35,436.4,405.590907,False,2
2,petroleum_fraction_db_041,BP_50,459.0,430.803809,False,2
2,petroleum_fraction_db_041,BP_65,480.0,456.976284,False,2
2,petroleum_fraction_db_041,BP_80,501.4,486.935042,False,2
2,petroleum_fraction_db_047,density_20c,0.8751,0.894068,False,2
2,petroleum_fraction_db_047,saturates,67.786102,69.353537,True,2
2,petroleum_fraction_db_047,BP_20,501.0,435.402945,False,2
2,petroleum_fraction_db_047,BP_35,515.4,471.550647,False,2
2,petroleum_fraction_db_047,BP_50,525.2,510.648391,False,2
2,petroleum_fraction_db_047,BP_65,534.4,538.423843,True,2
2,petroleum_fraction_db_047,BP_80,545.4,573.762052,True,2
2,petroleum_fraction_db_048,density_20c,0.8431,0.826193,False,2
2,petroleum_fraction_db_048,saturates,84.321618,86.748809,False,2
2,petroleum_fraction_db_048,BP_20,298.2,310.361413,True,2
2,petroleum_fraction_db_048,BP_35,336.2,327.220496,False,2
2,petroleum_fraction_db_048,BP_50,360.6,352.406852,True,2
2,petroleum_fraction_db_048,BP_65,381.6,373.991153,True,2
2,petroleum_fraction_db_048,BP_80,404.6,396.182825,True,2
2,petroleum_fraction_db_053,density_20c,0.9486,0.932242,True,2
2,petroleum_fraction_db_053,saturates,57.017452,69.837919,False,2
2,petroleum_fraction_db_053,BP_20,551.6,455.625044,False,2
2,petroleum_fraction_db_053,BP_35,573.0,495.303119,False,2
2,petroleum_fraction_db_053,BP_50,590.0,527.970619,False,2
2,petroleum_fraction_db_053,BP_65,608.8,552.142119,False,2
2,petroleum_fraction_db_053,BP_80,642.4,582.65422,False,2
2,petroleum_fraction_db_056,density_20c,0.8945,0.9003,False,2
2,petroleum_fraction_db_056,saturates,79.754872,75.204931,False,2
2,petroleum_fraction_db_056,BP_20,348.4,372.922391,False,2
2,petroleum_fraction_db_056,BP_35,386.8,404.499529,False,2
2,petroleum_fraction_db_056,BP_50,417.0,429.261103,False,2
2,petroleum_fraction_db_056,BP_65,442.8,454.579643,False,2
2,petroleum_fraction_db_056,BP_80,471.0,483.633394,True,2
2,petroleum_fraction_db_061,density_20c,0.8754,0.862786,False,2
2,petroleum_fraction_db_061,saturates,74.628473,81.258613,False,2
2,petroleum_fraction_db_061,BP_20,242.8,254.524275,False,2
2,petroleum_fraction_db_061,BP_35,294.6,282.829831,False,2
2,petroleum_fraction_db_061,BP_50,339.2,304.700872,False,2
2,petroleum_fraction_db_061,BP_65,379.6,326.267252,False,2
2,petroleum_fraction_db_061,BP_80,421.0,348.280116,False,2
2,petroleum_fraction_db_065,density_20c,0.8565,0.856426,True,2
2,petroleum_fraction_db_065,saturates,91.337685,88.322795,False,2
2,petroleum_fraction_db_065,BP_20,365.6,347.217072,False,2
2,petroleum_fraction_db_065,BP_35,378.6,364.808757,False,2
2,petroleum_fraction_db_065,BP_50,390.2,380.592199,True,2
2,petroleum_fraction_db_065,BP_65,402.2,395.992817,True,2
2,petroleum_fraction_db_065,BP_80,419.8,414.796378,True,2
2,petroleum_fraction_db_067,density_20c,0.8731,0.872173,True,2
2,petroleum_fraction_db_067,saturates,86.84745,87.110043,True,2
2,petroleum_fraction_db_067,BP_20,333.8,353.285256,False,2
2,petroleum_fraction_db_067,BP_35,370.0,384.903689,False,2
2,petroleum_fraction_db_067,BP_50,402.2,411.067287,False,2
2,petroleum_fraction_db_067,BP_65,431.2,434.954251,True,2
2,petroleum_fraction_db_067,BP_80,464.0,462.050009,True,2
4,petroleum_fraction_db_007,density_20c,0.8713,0.869152,True,4
4,petroleum_fraction_db_007,saturates,91.31,85.378148,True,4
4,petroleum_fraction_db_007,BP_20,350.6,362.792668,False,4
4,petroleum_fraction_db_007,BP_35,378.2,390.74349,True,4
4,petroleum_fraction_db_007,BP_50,399.2,404.987308,True,4
4,petroleum_fraction_db_007,BP_65,419.0,422.397664,True,4
4,petroleum_fraction_db_007,BP_80,442.2,459.534532,True,4
4,petroleum_fraction_db_013,density_20c,0.8852,0.887564,True,4
4,petroleum_fraction_db_013,saturates,82.404032,82.588219,True,4
4,petroleum_fraction_db_013,BP_20,493.2,436.079549,False,4
4,petroleum_fraction_db_013,BP_35,505.0,469.912693,True,4
4,petroleum_fraction_db_013,BP_50,514.2,500.98071,True,4
4,petroleum_fraction_db_013,BP_65,523.6,529.211313,True,4
4,petroleum_fraction_db_013,BP_80,535.0,556.961091,True,4
4,petroleum_fraction_db_015,density_20c,1.0513,0.965532,True,4
4,petroleum_fraction_db_015,saturates,20.826518,57.183731,True,4
4,petroleum_fraction_db_015,BP_20,360.8,372.734843,True,4
4,petroleum_fraction_db_015,BP_35,389.0,406.453401,False,4
4,petroleum_fraction_db_015,BP_50,426.0,432.492108,True,4
4,petroleum_fraction_db_015,BP_65,481.8,461.646857,True,4
4,petroleum_fraction_db_015,BP_80,571.2,502.692162,False,4
4,petroleum_fraction_db_024,density_20c,0.9683,0.904347,False,4
4,petroleum_fraction_db_024,saturates,69.209186,87.570777,False,4
4,petroleum_fraction_db_024,BP_20,436.2,432.63904,True,4
4,petroleum_fraction_db_024,BP_35,446.8,447.029649,True,4
4,petroleum_fraction_db_024,BP_50,457.6,456.987022,True,4
4,petroleum_fraction_db_024,BP_65,469.4,471.269343,True,4
4,petroleum_fraction_db_024,BP_80,483.4,479.98406,True,4
4,petroleum_fraction_db_027,density_20c,0.816,0.870908,False,4
4,petroleum_fraction_db_027,saturates,93.36706,83.830593,False,4
4,petroleum_fraction_db_027,BP_20,199.0,261.197866,False,4
4,petroleum_fraction_db_027,BP_35,221.6,284.177438,False,4
4,petroleum_fraction_db_027,BP_50,238.2,301.553431,False,4
4,petroleum_fraction_db_027,BP_65,250.2,317.683183,False,4
4,petroleum_fraction_db_027,BP_80,264.0,333.223275,False,4
4,petroleum_fraction_db_039,density_20c,0.8861,0.883416,True,4
4,petroleum_fraction_db_039,saturates,68.120664,68.845937,True,4
4,petroleum_fraction_db_039,BP_20,297.0,293.615418,True,4
4,petroleum_fraction_db_039,BP_35,332.4,326.970109,False,4
4,petroleum_fraction_db_039,BP_50,363.2,355.195775,False,4
4,petroleum_fraction_db_039,BP_65,395.8,384.573636,False,4
4,petroleum_fraction_db_039,BP_80,433.4,422.666927,True,4
4,petroleum_fraction_db_041,density_20c,0.905,0.894217,True,4
4,petroleum_fraction_db_041,saturates,71.736978,74.094487,True,4
4,petroleum_fraction_db_041,BP_20,406.6,368.192069,False,4
4,petroleum_fraction_db_041,BP_35,436.4,397.648249,False,4
4,petroleum_fraction_db_041,BP_50,459.0,421.470512,False,4
4,petroleum_fraction_db_041,BP_65,480.0,445.189567,False,4
4,petroleum_fraction_db_041,BP_80,501.4,472.238634,False,4
4,petroleum_fraction_db_047,density_20c,0.8751,0.890966,True,4
4,petroleum_fraction_db_047,saturates,67.786102,75.902632,True,4
4,petroleum_fraction_db_047,BP_20,501.0,441.512729,False,4
4,petroleum_fraction_db_047,BP_35,515.4,471.282064,False,4
4,petroleum_fraction_db_047,BP_50,525.2,499.699513,False,4
4,petroleum_fraction_db_047,BP_65,534.4,521.121341,True,4
4,petroleum_fraction_db_047,BP_80,545.4,548.755529,True,4
4,petroleum_fraction_db_048,density_20c,0.8431,0.841771,True,4
4,petroleum_fraction_db_048,saturates,84.321618,89.007581,False,4
4,petroleum_fraction_db_048,BP_20,298.2,308.47879,True,4
4,petroleum_fraction_db_048,BP_35,336.2,334.064993,True,4
4,petroleum_fraction_db_048,BP_50,360.6,355.137344,True,4
4,petroleum_fraction_db_048,BP_65,381.6,373.334537,True,4
4,petroleum_fraction_db_048,BP_80,404.6,392.591918,True,4
4,petroleum_fraction_db_053,density_20c,0.9486,0.927419,True,4
4,petroleum_fraction_db_053,saturates,57.017452,74.17678,False,4
4,petroleum_fraction_db_053,BP_20,551.6,463.922102,False,4
4,petroleum_fraction_db_053,BP_35,573.0,501.672381,False,4
4,petroleum_fraction_db_053,BP_50,590.0,526.644004,False,4
4,petroleum_fraction_db_053,BP_65,608.8,549.174452,False,4
4,petroleum_fraction_db_053,BP_80,642.4,576.498187,False,4
4,petroleum_fraction_db_056,density_20c,0.8945,0.899291,True,4
4,petroleum_fraction_db_056,saturates,79.754872,73.905043,True,4
4,petroleum_fraction_db_056,BP_20,348.4,363.829055,True,4
4,petroleum_fraction_db_056,BP_35,386.8,396.042569,True,4
4,petroleum_fraction_db_056,BP_50,417.0,422.078911,True,4
4,petroleum_fraction_db_056,BP_65,442.8,447.013987,True,4
4,petroleum_fraction_db_056,BP_80,471.0,474.842302,True,4
4,petroleum_fraction_db_061,density_20c,0.8754,0.866053,True,4
4,petroleum_fraction_db_061,saturates,74.628473,77.959637,True,4
4,petroleum_fraction_db_061,BP_20,242.8,263.181174,False,4
4,petroleum_fraction_db_061,BP_35,294.6,290.60568,True,4
4,petroleum_fraction_db_061,BP_50,339.2,312.830351,True,4
4,petroleum_fraction_db_061,BP_65,379.6,334.893829,True,4
4,petroleum_fraction_db_061,BP_80,421.0,357.725033,True,4
4,petroleum_fraction_db_065,density_20c,0.8565,0.861254,True,4
4,petroleum_fraction_db_065,saturates,91.337685,87.932086,False,4
4,petroleum_fraction_db_065,BP_20,365.6,358.012236,True,4
4,petroleum_fraction_db_065,BP_35,378.6,374.294514,True,4
4,petroleum_fraction_db_065,BP_50,390.2,393.145313,True,4
4,petroleum_fraction_db_065,BP_65,402.2,411.228552,True,4
4,petroleum_fraction_db_065,BP_80,419.8,432.949583,True,4
4,petroleum_fraction_db_067,density_20c,0.8731,0.881693,True,4
4,petroleum_fraction_db_067,saturates,86.84745,83.651836,True,4
4,petroleum_fraction_db_067,BP_20,333.8,351.309799,False,4
4,petroleum_fraction_db_067,BP_35,370.0,377.167041,True,4
4,petroleum_fraction_db_067,BP_50,402.2,398.775732,True,4
4,petroleum_fraction_db_067,BP_65,431.2,419.097067,True,4
4,petroleum_fraction_db_067,BP_80,464.0,442.292903,True,4
6,petroleum_fraction_db_007,density_20c,0.8713,0.866571,True,6
6,petroleum_fraction_db_007,saturates,91.31,85.170065,True,6
6,petroleum_fraction_db_007,BP_20,350.6,363.965998,False,6
6,petroleum_fraction_db_007,BP_35,378.2,390.057199,True,6
6,petroleum_fraction_db_007,BP_50,399.2,411.503371,True,6
6,petroleum_fraction_db_007,BP_65,419.0,431.254865,True,6
6,petroleum_fraction_db_007,BP_80,442.2,453.850232,True,6
6,petroleum_fraction_db_013,density_20c,0.8852,0.874,True,6
6,petroleum_fraction_db_013,saturates,82.404032,80.369934,True,6
6,petroleum_fraction_db_013,BP_20,493.2,438.928315,False,6
6,petroleum_fraction_db_013,BP_35,505.0,469.192509,True,6
6,petroleum_fraction_db_013,BP_50,514.2,495.477523,True,6
6,petroleum_fraction_db_013,BP_65,523.6,518.861579,True,6
6,petroleum_fraction_db_013,BP_80,535.0,544.873028,True,6
6,petroleum_fraction_db_015,density_20c,1.0513,0.964784,True,6
6,petroleum_fraction_db_015,saturates,20.826518,58.411141,True,6
6,petroleum_fraction_db_015,BP_20,360.8,374.495721,True,6
6,petroleum_fraction_db_015,BP_35,389.0,401.476082,True,6
6,petroleum_fraction_db_015,BP_50,426.0,428.003739,True,6
6,petroleum_fraction_db_015,BP_65,481.8,455.487016,True,6
6,petroleum_fraction_db_015,BP_80,571.2,492.560575,False,6
6,petroleum_fraction_db_024,density_20c,0.9683,0.89378,False,6
6,petroleum_fraction_db_024,saturates,69.209186,84.42843,True,6
6,petroleum_fraction_db_024,BP_20,436.2,427.726681,True,6
6,petroleum_fraction_db_024,BP_35,446.8,442.498454,True,6
6,petroleum_fraction_db_024,BP_50,457.6,455.891867,True,6
6,petroleum_fraction_db_024,BP_65,469.4,470.014536,True,6
6,petroleum_fraction_db_024,BP_80,483.4,486.205145,True,6
6,petroleum_fraction_db_027,density_20c,0.816,0.873249,False,6
6,petroleum_fraction_db_027,saturates,93.36706,84.593503,False,6
6,petroleum_fraction_db_027,BP_20,199.0,271.592681,False,6
6,petroleum_fraction_db_027,BP_35,221.6,296.85463,False,6
6,petroleum_fraction_db_027,BP_50,238.2,316.600871,False,6
6,petroleum_fraction_db_027,BP_65,250.2,334.668066,False,6
6,petroleum_fraction_db_027,BP_80,264.0,352.680584,False,6
6,petroleum_fraction_db_039,density_20c,0.8861,0.886166,True,6
6,petroleum_fraction_db_039,saturates,68.120664,70.363806,True,6
6,petroleum_fraction_db_039,BP_20,297.0,299.578786,True,6
6,petroleum_fraction_db_039,BP_35,332.4,331.467853,True,6
6,petroleum_fraction_db_039,BP_50,363.2,358.22242,True,6
6,petroleum_fraction_db_039,BP_65,395.8,388.416746,True,6
6,petroleum_fraction_db_039,BP_80,433.4,420.937004,True,6
6,petroleum_fraction_db_041,density_20c,0.905,0.88869,True,6
6,petroleum_fraction_db_041,saturates,71.736978,76.985948,True,6
6,petroleum_fraction_db_041,BP_20,406.6,362.592445,False,6
6,petroleum_fraction_db_041,BP_35,436.4,392.500554,False,6
6,petroleum_fraction_db_041,BP_50,459.0,416.614752,False,6
6,petroleum_fraction_db_041,BP_65,480.0,439.78553,False,6
6,petroleum_fraction_db_041,BP_80,501.4,465.630953,False,6
6,petroleum_fraction_db_047,density_20c,0.8751,0.894071,True,6
6,petroleum_fraction_db_047,saturates,67.786102,79.502729,True,6
6,petroleum_fraction_db_047,BP_20,501.0,436.681869,False,6
6,petroleum_fraction_db_047,BP_35,515.4,462.584346,False,6
6,petroleum_fraction_db_047,BP_50,525.2,488.095955,False,6
6,petroleum_fraction_db_047,BP_65,534.4,509.343564,True,6
6,petroleum_fraction_db_047,BP_80,545.4,541.424934,True,6
6,petroleum_fraction_db_048,density_20c,0.8431,0.84659,True,6
6,petroleum_fraction_db_048,saturates,84.321618,84.851919,True,6
6,petroleum_fraction_db_048,BP_20,298.2,309.825562,True,6
6,petroleum_fraction_db_048,BP_35,336.2,335.234126,True,6
6,petroleum_fraction_db_048,BP_50,360.6,355.895338,True,6
6,petroleum_fraction_db_048,BP_65,381.6,367.813842,True,6
6,petroleum_fraction_db_048,BP_80,404.6,386.415459,True,6
6,petroleum_fraction_db_053,density_20c,0.9486,0.912921,True,6
6,petroleum_fraction_db_053,saturates,57.017452,76.164908,False,6
6,petroleum_fraction_db_053,BP_20,551.6,457.897706,False,6
6,petroleum_fraction_db_053,BP_35,573.0,483.507553,False,6
6,petroleum_fraction_db_053,BP_50,590.0,513.582555,False,6
6,petroleum_fraction_db_053,BP_65,608.8,527.873908,False,6
6,petroleum_fraction_db_053,BP_80,642.4,552.212534,False,6
6,petroleum_fraction_db_056,density_20c,0.8945,0.894321,True,6
6,petroleum_fraction_db_056,saturates,79.754872,75.956444,True,6
6,petroleum_fraction_db_056,BP_20,348.4,360.418937,True,6
6,petroleum_fraction_db_056,BP_35,386.8,389.316195,True,6
6,petroleum_fraction_db_056,BP_50,417.0,412.729947,True,6
6,petroleum_fraction_db_056,BP_65,442.8,435.314911,True,6
6,petroleum_fraction_db_056,BP_80,471.0,460.744682,True,6
6,petroleum_fraction_db_061,density_20c,0.8754,0.87446,True,6
6,petroleum_fraction_db_061,saturates,74.628473,81.096242,True,6
6,petroleum_fraction_db_061,BP_20,242.8,280.426809,False,6
6,petroleum_fraction_db_061,BP_35,294.6,298.009761,True,6
6,petroleum_fraction_db_061,BP_50,339.2,318.573175,True,6
6,petroleum_fraction_db_061,BP_65,379.6,337.68258,True,6
6,petroleum_fraction_db_061,BP_80,421.0,356.879092,True,6
6,petroleum_fraction_db_065,density_20c,0.8565,0.864387,True,6
6,petroleum_fraction_db_065,saturates,91.337685,87.345006,True,6
6,petroleum_fraction_db_065,BP_20,365.6,354.818984,True,6
6,petroleum_fraction_db_065,BP_35,378.6,383.009596,True,6
6,petroleum_fraction_db_065,BP_50,390.2,403.595946,True,6
6,petroleum_fraction_db_065,BP_65,402.2,423.831083,True,6
6,petroleum_fraction_db_065,BP_80,419.8,435.222345,True,6
6,petroleum_fraction_db_067,density_20c,0.8731,0.879963,True,6
6,petroleum_fraction_db_067,saturates,86.84745,82.67324,True,6
6,petroleum_fraction_db_067,BP_20,333.8,336.368469,True,6
6,petroleum_fraction_db_067,BP_35,370.0,363.743745,True,6
6,petroleum_fraction_db_067,BP_50,402.2,388.406591,True,6
6,petroleum_fraction_db_067,BP_65,431.2,410.669792,True,6
6,petroleum_fraction_db_067,BP_80,464.0,436.472185,True,6
10,petroleum_fraction_db_007,density_20c,0.8713,0.867298,True,10
10,petroleum_fraction_db_007,saturates,91.31,85.270028,True,10
10,petroleum_fraction_db_007,BP_20,350.6,367.702559,True,10
10,petroleum_fraction_db_007,BP_35,378.2,391.71599,True,10
10,petroleum_fraction_db_007,BP_50,399.2,411.33229,True,10
10,petroleum_fraction_db_007,BP_65,419.0,429.699902,True,10
10,petroleum_fraction_db_007,BP_80,442.2,452.479693,True,10
10,petroleum_fraction_db_013,density_20c,0.8852,0.864805,True,10
10,petroleum_fraction_db_013,saturates,82.404032,83.314439,True,10
10,petroleum_fraction_db_013,BP_20,493.2,429.81441,False,10
10,petroleum_fraction_db_013,BP_35,505.0,456.841176,True,10
10,petroleum_fraction_db_013,BP_50,514.2,479.908277,True,10
10,petroleum_fraction_db_013,BP_65,523.6,500.814211,True,10
10,petroleum_fraction_db_013,BP_80,535.0,527.292974,True,10
10,petroleum_fraction_db_015,density_20c,1.0513,0.941466,True,10
10,petroleum_fraction_db_015,saturates,20.826518,62.730133,True,10
10,petroleum_fraction_db_015,BP_20,360.8,377.967607,True,10
10,petroleum_fraction_db_015,BP_35,389.0,402.467972,True,10
10,petroleum_fraction_db_015,BP_50,426.0,426.390252,True,10
10,petroleum_fraction_db_015,BP_65,481.8,451.11253,True,10
10,petroleum_fraction_db_015,BP_80,571.2,486.70644,False,10
10,petroleum_fraction_db_024,density_20c,0.9683,0.890389,False,10
10,petroleum_fraction_db_024,saturates,69.209186,84.51294,True,10
10,petroleum_fraction_db_024,BP_20,436.2,425.996171,True,10
10,petroleum_fraction_db_024,BP_35,446.8,442.133462,True,10
10,petroleum_fraction_db_024,BP_50,457.6,456.202811,True,10
10,petroleum_fraction_db_024,BP_65,469.4,470.616375,True,10
10,petroleum_fraction_db_024,BP_80,483.4,483.386608,True,10
10,petroleum_fraction_db_027,density_20c,0.816,0.868695,False,10
10,petroleum_fraction_db_027,saturates,93.36706,83.757738,False,10
10,petroleum_fraction_db_027,BP_20,199.0,293.43401,False,10
10,petroleum_fraction_db_027,BP_35,221.6,316.980608,False,10
10,petroleum_fraction_db_027,BP_50,238.2,330.561982,False,10
10,petroleum_fraction_db_027,BP_65,250.2,342.863657,False,10
10,petroleum_fraction_db_027,BP_80,264.0,357.686027,False,10
10,petroleum_fraction_db_039,density_20c,0.8861,0.88146,True,10
10,petroleum_fraction_db_039,saturates,68.120664,71.673732,True,10
10,petroleum_fraction_db_039,BP_20,297.0,308.345017,True,10
10,petroleum_fraction_db_039,BP_35,332.4,339.648772,True,10
10,petroleum_fraction_db_039,BP_50,363.2,365.675607,True,10
10,petroleum_fraction_db_039,BP_65,395.8,391.158559,True,10
10,petroleum_fraction_db_039,BP_80,433.4,421.049014,True,10
10,petroleum_fraction_db_041,density_20c,0.905,0.884363,True,10
10,petroleum_fraction_db_041,saturates,71.736978,79.570873,True,10
10,petroleum_fraction_db_041,BP_20,406.6,363.590376,False,10
10,petroleum_fraction_db_041,BP_35,436.4,389.317192,False,10
10,petroleum_fraction_db_041,BP_50,459.0,410.243731,False,10
10,petroleum_fraction_db_041,BP_65,480.0,430.298151,False,10
10,petroleum_fraction_db_041,BP_80,501.4,453.114448,False,10
10,petroleum_fraction_db_047,density_20c,0.8751,0.881621,True,10
10,petroleum_fraction_db_047,saturates,67.786102,81.435524,True,10
10,petroleum_fraction_db_047,BP_20,501.0,432.55718,False,10
10,petroleum_fraction_db_047,BP_35,515.4,459.729857,False,10
10,petroleum_fraction_db_047,BP_50,525.2,483.587042,True,10
10,petroleum_fraction_db_047,BP_65,534.4,504.357369,True,10
10,petroleum_fraction_db_047,BP_80,545.4,533.001321,True,10
10,petroleum_fraction_db_048,density_20c,0.8431,0.852819,True,10
10,petroleum_fraction_db_048,saturates,84.321618,85.486616,True,10
10,petroleum_fraction_db_048,BP_20,298.2,319.121241,True,10
10,petroleum_fraction_db_048,BP_35,336.2,342.394823,True,10
10,petroleum_fraction_db_048,BP_50,360.6,361.420461,True,10
10,petroleum_fraction_db_048,BP_65,381.6,378.336416,True,10
10,petroleum_fraction_db_048,BP_80,404.6,400.452158,True,10
10,petroleum_fraction_db_053,density_20c,0.9486,0.905009,True,10
10,petroleum_fraction_db_053,saturates,57.017452,74.863534,True,10
10,petroleum_fraction_db_053,BP_20,551.6,442.97511,False,10
10,petroleum_fraction_db_053,BP_35,573.0,471.096068,False,10
10,petroleum_fraction_db_053,BP_50,590.0,494.001301,False,10
10,petroleum_fraction_db_053,BP_65,608.8,514.137385,False,10
10,petroleum_fraction_db_053,BP_80,642.4,540.073365,False,10
10,petroleum_fraction_db_056,density_20c,0.8945,0.888368,True,10
10,petroleum_fraction_db_056,saturates,79.754872,76.709617,True,10
10,petroleum_fraction_db_056,BP_20,348.4,356.361401,True,10
10,petroleum_fraction_db_056,BP_35,386.8,384.162516,True,10
10,petroleum_fraction_db_056,BP_50,417.0,406.913737,True,10
10,petroleum_fraction_db_056,BP_65,442.8,428.852905,True,10
10,petroleum_fraction_db_056,BP_80,471.0,453.813456,True,10
10,petroleum_fraction_db_061,density_20c,0.8754,0.873383,True,10
10,petroleum_fraction_db_061,saturates,74.628473,80.176691,True,10
10,petroleum_fraction_db_061,BP_20,242.8,300.332018,False,10
10,petroleum_fraction_db_061,BP_35,294.6,323.78055,True,10
10,petroleum_fraction_db_061,BP_50,339.2,341.53849,True,10
10,petroleum_fraction_db_061,BP_65,379.6,350.965044,True,10
10,petroleum_fraction_db_061,BP_80,421.0,367.295345,True,10
10,petroleum_fraction_db_065,density_20c,0.8565,0.866662,True,10
10,petroleum_fraction_db_065,saturates,91.337685,85.798342,True,10
10,petroleum_fraction_db_065,BP_20,365.6,360.398347,True,10
10,petroleum_fraction_db_065,BP_35,378.6,383.282925,True,10
10,petroleum_fraction_db_065,BP_50,390.2,402.366698,True,10
10,petroleum_fraction_db_065,BP_65,402.2,420.998061,True,10
10,petroleum_fraction_db_065,BP_80,419.8,442.636648,True,10
10,petroleum_fraction_db_067,density_20c,0.8731,0.88039,True,10
10,petroleum_fraction_db_067,saturates,86.84745,81.83611,True,10
10,petroleum_fraction_db_067,BP_20,333.8,339.399942,True,10
10,petroleum_fraction_db_067,BP_35,370.0,365.195049,True,10
10,petroleum_fraction_db_067,BP_50,402.2,387.608419,True,10
10,petroleum_fraction_db_067,BP_65,431.2,408.905019,True,10
10,petroleum_fraction_db_067,BP_80,464.0,436.86506,True,10
