top_k,target_property,method_label,n,MAPE_percent,range_hit_rate,MAE,RMSE,bias
2,BP_20,weighted_db_retrieval,14,7.747334,0.071429,28.630861,38.611604,-6.863116
2,BP_20,ordinary_knn,14,7.707459,0.214286,27.758488,34.48734,-4.767811
2,BP_35,weighted_db_retrieval,14,6.422906,0.142857,24.635699,32.847279,-7.207008
2,BP_35,ordinary_knn,14,5.874047,0.357143,21.528417,28.418484,-2.470203
2,BP_50,weighted_db_retrieval,14,5.271602,0.428571,19.623171,28.190624,-5.237339
2,BP_50,ordinary_knn,14,5.57514,0.357143,20.622451,27.35794,-0.488916
2,BP_65,weighted_db_retrieval,14,5.526311,0.428571,21.210262,31.189953,-2.429337
2,BP_65,ordinary_knn,14,5.645506,0.428571,21.49963,30.896218,-0.086263
2,BP_80,weighted_db_retrieval,14,6.809393,0.428571,29.126306,39.768556,-2.905031
2,BP_80,ordinary_knn,14,6.9429,0.428571,29.39202,39.297391,-0.661814
2,density_20c,weighted_db_retrieval,14,2.397094,0.357143,0.021824,0.033065,-0.006805
2,density_20c,ordinary_knn,14,2.348192,0.357143,0.021494,0.031298,-0.006592
2,saturates,weighted_db_retrieval,14,13.370039,0.428571,6.540257,9.085022,2.702002
2,saturates,ordinary_knn,14,12.836831,0.357143,6.585511,8.720532,1.447427
4,BP_20,weighted_db_retrieval,14,8.027433,0.428571,29.082218,38.979065,-7.664476
4,BP_20,ordinary_knn,14,8.953272,0.357143,33.025774,43.432616,-8.732419
4,BP_35,weighted_db_retrieval,14,5.85841,0.571429,22.454493,32.015747,-6.852552
4,BP_35,ordinary_knn,14,6.817573,0.642857,26.745112,37.1839,-8.314483
4,BP_50,weighted_db_retrieval,14,5.025872,0.642857,19.081151,28.249659,-7.13014
4,BP_50,ordinary_knn,14,6.046257,0.642857,23.841667,33.56685,-7.895498
4,BP_65,weighted_db_retrieval,14,5.410651,0.714286,21.126625,29.747381,-8.040334
4,BP_65,ordinary_knn,14,5.911814,0.714286,23.730064,34.821938,-9.168136
4,BP_80,weighted_db_retrieval,14,6.624039,0.714286,28.826892,38.178445,-10.417419
4,BP_80,ordinary_knn,14,6.633755,0.642857,28.918056,41.819554,-12.461967
4,density_20c,weighted_db_retrieval,14,2.203289,0.857143,0.020605,0.033278,-0.007566
4,density_20c,ordinary_knn,14,2.311662,0.857143,0.021577,0.033664,-0.007867
4,saturates,weighted_db_retrieval,14,20.658543,0.642857,8.514151,12.650945,4.525671
4,saturates,ordinary_knn,14,19.118869,0.785714,7.761747,11.465109,3.241667
6,BP_20,weighted_db_retrieval,14,8.936721,0.5,31.544783,42.537045,-7.820074
6,BP_20,ordinary_knn,14,11.709298,0.5,39.59064,54.472256,-5.419027
6,BP_35,weighted_db_retrieval,14,6.393702,0.714286,24.599595,37.856951,-8.896243
6,BP_35,ordinary_knn,14,8.819497,0.642857,32.163341,48.899163,-5.715143
6,BP_50,weighted_db_retrieval,14,6.169607,0.714286,23.629557,34.36017,-8.471854
6,BP_50,ordinary_knn,14,7.781303,0.785714,29.212951,45.666284,-6.248658
6,BP_65,weighted_db_retrieval,14,6.992296,0.785714,27.665649,37.551261,-10.670142
6,BP_65,ordinary_knn,14,8.044884,0.785714,31.214882,46.371821,-8.247067
6,BP_80,weighted_db_retrieval,14,7.764656,0.714286,33.539565,45.838832,-15.192232
6,BP_80,ordinary_knn,14,8.776807,0.714286,37.15273,52.201539,-12.538031
6,density_20c,weighted_db_retrieval,14,2.481171,0.857143,0.023186,0.036337,-0.009682
6,density_20c,ordinary_knn,14,2.642915,0.857143,0.024607,0.036955,-0.008213
6,saturates,weighted_db_retrieval,14,21.839798,0.857143,9.076503,13.064225,4.946088
6,saturates,ordinary_knn,14,19.066987,0.857143,8.12239,11.263298,3.228974
10,BP_20,weighted_db_retrieval,14,11.152144,0.571429,37.923729,50.680098,-4.771758
10,BP_20,ordinary_knn,14,14.067727,0.571429,46.89241,65.474938,-5.399986
10,BP_35,weighted_db_retrieval,14,8.369931,0.714286,31.042594,45.116788,-6.803789
10,BP_35,ordinary_knn,14,10.999031,0.714286,39.967669,60.362985,-6.74336
10,BP_50,weighted_db_retrieval,14,6.747131,0.785714,26.387176,41.105668,-8.860636
10,BP_50,ordinary_knn,14,9.31014,0.785714,35.547722,57.103714,-8.258233
10,BP_65,weighted_db_retrieval,14,7.475747,0.785714,30.2886,41.742739,-12.663173
10,BP_65,ordinary_knn,14,9.215811,0.785714,36.751848,57.52647,-11.215339
10,BP_80,weighted_db_retrieval,14,8.103428,0.714286,35.468013,49.022154,-17.353389
10,BP_80,ordinary_knn,14,10.066084,0.714286,43.307995,63.45874,-16.667163
10,density_20c,weighted_db_retrieval,14,2.853512,0.857143,0.026825,0.041426,-0.014484
10,density_20c,ordinary_knn,14,2.8285,0.857143,0.026543,0.041219,-0.011612
10,saturates,weighted_db_retrieval,14,23.81199,0.928571,9.782763,14.131429,5.604873
10,saturates,ordinary_knn,14,22.921019,0.928571,9.291123,13.603403,4.626798
