top_k,target_property,scenario,method,n,MAE,RMSE,MRE_percent,MAPE_percent,bias,median_abs_error,range_hit_rate
2,BP_20,analysis_only,correlation_weighted,14,28.630861,38.611604,0.463323,7.747334,-6.863116,19.374634,0.071429
2,BP_20,analysis_only,equal_weight,14,27.758488,34.48734,0.933414,7.707459,-4.767811,20.015491,0.214286
2,BP_20,analysis_plus_non_target_bulk,correlation_weighted,14,27.942771,38.549084,0.20961,7.533501,-7.801749,19.356954,0.214286
2,BP_20,analysis_plus_non_target_bulk,equal_weight,14,27.218042,34.03883,0.84517,7.519373,-4.867189,19.697599,0.214286
2,BP_35,analysis_only,correlation_weighted,14,24.635699,32.847279,-0.265193,6.422906,-7.207008,16.232448,0.142857
2,BP_35,analysis_only,equal_weight,14,21.528417,28.418484,0.787925,5.874047,-2.470203,14.948151,0.357143
2,BP_35,analysis_plus_non_target_bulk,correlation_weighted,14,22.439687,31.782922,-0.089165,5.94293,-6.368448,14.468388,0.285714
2,BP_35,analysis_plus_non_target_bulk,equal_weight,14,21.065002,28.025122,0.629509,5.748203,-3.07307,14.743616,0.357143
2,BP_50,analysis_only,correlation_weighted,14,19.623171,28.190624,-0.129227,5.271602,-5.237339,10.934452,0.428571
2,BP_50,analysis_only,equal_weight,14,20.622451,27.35794,0.888819,5.57514,-0.488916,13.236739,0.357143
2,BP_50,analysis_plus_non_target_bulk,correlation_weighted,14,19.027525,28.010859,-0.121052,5.169073,-5.076877,11.147959,0.357143
2,BP_50,analysis_plus_non_target_bulk,equal_weight,14,19.839416,26.900667,0.604956,5.385327,-1.699789,12.900225,0.428571
2,BP_65,analysis_only,correlation_weighted,14,21.210262,31.189953,0.413898,5.526311,-2.429337,9.694245,0.428571
2,BP_65,analysis_only,equal_weight,14,21.49963,30.896218,0.910903,5.645506,-0.086263,11.118887,0.428571
2,BP_65,analysis_plus_non_target_bulk,correlation_weighted,14,20.016032,30.408009,-0.442077,5.347419,-6.388177,8.887859,0.428571
2,BP_65,analysis_plus_non_target_bulk,equal_weight,14,21.250245,30.823698,0.498106,5.584289,-2.006953,10.806676,0.5
2,BP_80,analysis_only,correlation_weighted,14,29.126306,39.768556,0.437851,6.809393,-2.905031,13.549176,0.428571
2,BP_80,analysis_only,equal_weight,14,29.39202,39.297391,0.87056,6.9429,-0.661814,17.821521,0.428571
2,BP_80,analysis_plus_non_target_bulk,correlation_weighted,14,31.453958,40.899503,-0.442534,7.337383,-6.927915,21.757031,0.357143
2,BP_80,analysis_plus_non_target_bulk,equal_weight,14,29.808305,39.98331,0.371827,6.99632,-3.175278,17.733028,0.5
2,density_20c,analysis_only,correlation_weighted,14,0.021824,0.033065,-0.608909,2.397094,-0.006805,0.014979,0.357143
2,density_20c,analysis_only,equal_weight,14,0.021494,0.031298,-0.594796,2.348192,-0.006592,0.014756,0.357143
2,density_20c,analysis_plus_non_target_bulk,correlation_weighted,14,0.018422,0.026666,0.019315,2.070884,-0.000696,0.012868,0.285714
2,density_20c,analysis_plus_non_target_bulk,equal_weight,14,0.020192,0.031517,-0.165498,2.265988,-0.002387,0.014177,0.285714
2,saturates,analysis_only,correlation_weighted,14,6.540257,9.085022,9.054351,13.370039,2.702002,3.782415,0.428571
2,saturates,analysis_only,equal_weight,14,6.585511,8.720532,6.963751,12.836831,1.447427,4.605161,0.357143
2,saturates,analysis_plus_non_target_bulk,correlation_weighted,14,4.965407,6.127049,1.595842,7.3446,-0.073652,3.76247,0.357143
2,saturates,analysis_plus_non_target_bulk,equal_weight,14,5.477773,7.387839,2.061712,7.796232,0.440074,3.985854,0.357143
4,BP_20,analysis_only,correlation_weighted,14,29.082218,38.979065,0.480576,8.027433,-7.664476,16.469427,0.428571
4,BP_20,analysis_only,equal_weight,14,33.025774,43.432616,0.417303,8.953272,-8.732419,19.332792,0.357143
4,BP_20,analysis_plus_non_target_bulk,correlation_weighted,14,28.67913,37.120938,1.39648,8.11989,-4.296606,20.92426,0.357143
4,BP_20,analysis_plus_non_target_bulk,equal_weight,14,29.890567,39.492392,0.768474,8.269268,-6.756737,16.723696,0.357143
4,BP_35,analysis_only,correlation_weighted,14,22.454493,32.015747,-0.084094,5.85841,-6.852552,10.89303,0.571429
4,BP_35,analysis_only,equal_weight,14,26.745112,37.1839,-0.254796,6.817573,-8.314483,13.350346,0.642857
4,BP_35,analysis_plus_non_target_bulk,correlation_weighted,14,20.543359,30.517491,0.529028,5.425381,-4.450923,8.131503,0.642857
4,BP_35,analysis_plus_non_target_bulk,equal_weight,14,23.296843,33.966576,0.017405,6.075793,-6.64277,11.170119,0.642857
4,BP_50,analysis_only,correlation_weighted,14,19.081151,28.249659,-0.519698,5.025872,-7.13014,7.248166,0.642857
4,BP_50,analysis_only,equal_weight,14,23.841667,33.56685,-0.541732,6.046257,-7.895498,15.22146,0.642857
4,BP_50,analysis_plus_non_target_bulk,correlation_weighted,14,16.902749,26.608581,0.046983,4.500493,-4.762772,5.455562,0.714286
4,BP_50,analysis_plus_non_target_bulk,equal_weight,14,20.703953,31.60655,-0.30901,5.408246,-6.431714,7.387723,0.642857
4,BP_65,analysis_only,correlation_weighted,14,21.126625,29.747381,-0.775084,5.410651,-8.040334,11.664649,0.714286
4,BP_65,analysis_only,equal_weight,14,23.730064,34.821938,-0.889326,5.911814,-9.168136,10.437037,0.714286
4,BP_65,analysis_plus_non_target_bulk,correlation_weighted,14,19.546805,28.206306,-0.394037,5.028537,-6.423848,10.557703,0.785714
4,BP_65,analysis_plus_non_target_bulk,equal_weight,14,23.29625,34.186621,-0.69904,5.862108,-7.949261,12.140079,0.714286
4,BP_80,analysis_only,correlation_weighted,14,28.826892,38.178445,-1.079862,6.624039,-10.417419,19.520815,0.714286
4,BP_80,analysis_only,equal_weight,14,28.918056,41.819554,-1.441637,6.633755,-12.461967,11.858914,0.642857
4,BP_80,analysis_plus_non_target_bulk,correlation_weighted,14,26.638169,36.425848,-0.995866,6.143068,-9.928567,17.541003,0.714286
4,BP_80,analysis_plus_non_target_bulk,equal_weight,14,30.600058,42.558526,-1.248953,6.970362,-11.269856,19.690219,0.642857
4,density_20c,analysis_only,correlation_weighted,14,0.020605,0.033278,-0.648448,2.203289,-0.007566,0.00897,0.857143
4,density_20c,analysis_only,equal_weight,14,0.021577,0.033664,-0.680713,2.311662,-0.007867,0.010639,0.857143
4,density_20c,analysis_plus_non_target_bulk,correlation_weighted,14,0.018794,0.027344,-0.506872,2.051354,-0.00585,0.009007,0.785714
4,density_20c,analysis_plus_non_target_bulk,equal_weight,14,0.020659,0.029375,-0.310724,2.249804,-0.004244,0.010842,0.785714
4,saturates,analysis_only,correlation_weighted,14,8.514151,12.650945,16.165221,20.658543,4.525671,5.267896,0.642857
4,saturates,analysis_only,equal_weight,14,7.761747,11.465109,13.997461,19.118869,3.241667,5.890339,0.785714
4,saturates,analysis_plus_non_target_bulk,correlation_weighted,14,6.407976,8.030387,8.185216,13.398765,1.881942,5.221699,0.785714
4,saturates,analysis_plus_non_target_bulk,equal_weight,14,7.217505,9.3313,9.776948,15.693713,2.055397,6.016005,0.785714
6,BP_20,analysis_only,correlation_weighted,14,31.544783,42.537045,0.859007,8.936721,-7.820074,13.53086,0.5
6,BP_20,analysis_only,equal_weight,14,39.59064,54.472256,2.556576,11.709298,-5.419027,15.843947,0.5
6,BP_20,analysis_plus_non_target_bulk,correlation_weighted,14,30.313087,39.313936,1.532593,8.701031,-4.666025,17.589295,0.428571
6,BP_20,analysis_plus_non_target_bulk,equal_weight,14,36.460227,48.381089,3.354748,11.140926,-1.295335,19.097329,0.5
6,BP_35,analysis_only,correlation_weighted,14,24.599595,37.856951,-0.211602,6.393702,-8.896243,9.056727,0.714286
6,BP_35,analysis_only,equal_weight,14,32.163341,48.899163,1.422089,8.819497,-5.715143,13.386733,0.642857
6,BP_35,analysis_plus_non_target_bulk,correlation_weighted,14,22.27592,33.77814,0.602823,5.990172,-5.030621,8.185959,0.642857
6,BP_35,analysis_plus_non_target_bulk,equal_weight,14,28.135882,42.639353,2.194134,8.039861,-1.494154,13.2681,0.642857
6,BP_50,analysis_only,correlation_weighted,14,23.629557,34.36017,-0.4697,6.169607,-8.471854,13.594677,0.714286
6,BP_50,analysis_only,equal_weight,14,29.212951,45.666284,0.764365,7.781303,-6.248658,12.598091,0.785714
6,BP_50,analysis_plus_non_target_bulk,correlation_weighted,14,20.860267,31.562502,0.033114,5.607616,-5.81335,9.912116,0.785714
6,BP_50,analysis_plus_non_target_bulk,equal_weight,14,23.720267,39.667609,1.620421,6.660246,-1.570636,10.668531,0.785714
6,BP_65,analysis_only,correlation_weighted,14,27.665649,37.551261,-0.964565,6.992296,-10.670142,21.080645,0.785714
6,BP_65,analysis_only,equal_weight,14,31.214882,46.371821,0.171692,8.044884,-8.247067,17.114334,0.785714
6,BP_65,analysis_plus_non_target_bulk,correlation_weighted,14,22.882486,32.958732,-0.692582,5.921231,-8.539508,14.062511,0.785714
6,BP_65,analysis_plus_non_target_bulk,equal_weight,14,25.52675,40.983029,0.923247,6.909686,-3.913051,13.993086,0.785714
6,BP_80,analysis_only,correlation_weighted,14,33.539565,45.838832,-1.7182,7.764656,-15.192232,16.803443,0.714286
6,BP_80,analysis_only,equal_weight,14,37.15273,52.201539,-0.636367,8.776807,-12.538031,22.834386,0.714286
6,BP_80,analysis_plus_non_target_bulk,correlation_weighted,14,31.063274,41.551012,-1.421142,7.204879,-12.844814,18.702818,0.714286
6,BP_80,analysis_plus_non_target_bulk,equal_weight,14,31.494457,45.080119,-0.380975,7.451209,-9.461588,17.469213,0.714286
6,density_20c,analysis_only,correlation_weighted,14,0.023186,0.036337,-0.865166,2.481171,-0.009682,0.009543,0.857143
6,density_20c,analysis_only,equal_weight,14,0.024607,0.036955,-0.695545,2.642915,-0.008213,0.013756,0.857143
6,density_20c,analysis_plus_non_target_bulk,correlation_weighted,14,0.020298,0.03072,-0.575975,2.19484,-0.006714,0.008018,0.857143
6,density_20c,analysis_plus_non_target_bulk,equal_weight,14,0.022332,0.034051,-0.589797,2.39681,-0.007066,0.009032,0.857143
6,saturates,analysis_only,correlation_weighted,14,9.076503,13.064225,17.192669,21.839798,4.946088,5.694453,0.857143
6,saturates,analysis_only,equal_weight,14,8.12239,11.263298,13.548618,19.066987,3.228974,6.330688,0.857143
6,saturates,analysis_plus_non_target_bulk,correlation_weighted,14,7.635919,10.03752,11.51944,17.022081,2.757387,5.464949,0.928571
6,saturates,analysis_plus_non_target_bulk,equal_weight,14,7.285554,10.328128,12.397588,17.376998,2.899575,5.190498,0.928571
10,BP_20,analysis_only,correlation_weighted,14,37.923729,50.680098,2.502753,11.152144,-4.771758,19.044424,0.571429
10,BP_20,analysis_only,equal_weight,14,46.89241,65.474938,3.55435,14.067727,-5.399986,19.227472,0.571429
10,BP_20,analysis_plus_non_target_bulk,correlation_weighted,14,36.133548,47.420143,2.826315,10.702937,-2.821818,19.192373,0.571429
10,BP_20,analysis_plus_non_target_bulk,equal_weight,14,41.003259,55.1525,3.331026,12.271519,-3.266129,20.01569,0.571429
10,BP_35,analysis_only,correlation_weighted,14,31.042594,45.116788,0.950519,8.369931,-6.803789,13.491981,0.714286
10,BP_35,analysis_only,equal_weight,14,39.967669,60.362985,1.997736,10.999031,-6.74336,12.537322,0.714286
10,BP_35,analysis_plus_non_target_bulk,correlation_weighted,14,28.163222,41.457576,1.211319,7.63035,-4.9762,13.859776,0.642857
10,BP_35,analysis_plus_non_target_bulk,equal_weight,14,33.866043,49.965332,1.806694,9.277494,-4.815364,15.559889,0.642857
10,BP_50,analysis_only,correlation_weighted,14,26.387176,41.105668,-0.086796,6.747131,-8.860636,12.149494,0.785714
10,BP_50,analysis_only,equal_weight,14,35.547722,57.103714,1.037246,9.31014,-8.258233,12.19003,0.785714
10,BP_50,analysis_plus_non_target_bulk,correlation_weighted,14,24.31793,37.902608,0.147579,6.266402,-7.177084,11.024688,0.785714
10,BP_50,analysis_plus_non_target_bulk,equal_weight,14,29.314315,46.915464,0.85287,7.637626,-6.522854,9.308639,0.785714
10,BP_65,analysis_only,correlation_weighted,14,30.2886,41.742739,-1.115397,7.475747,-12.663173,22.540385,0.785714
10,BP_65,analysis_only,equal_weight,14,36.751848,57.52647,0.199849,9.215811,-11.215339,15.348357,0.785714
10,BP_65,analysis_plus_non_target_bulk,correlation_weighted,14,27.661191,39.241051,-0.724703,6.944858,-10.488582,18.26822,0.785714
10,BP_65,analysis_plus_non_target_bulk,equal_weight,14,30.803301,47.643145,0.010866,7.729958,-9.597442,16.66632,0.785714
10,BP_80,analysis_only,correlation_weighted,14,35.468013,49.022154,-1.924615,8.103428,-17.353389,20.011596,0.714286
10,BP_80,analysis_only,equal_weight,14,43.307995,63.45874,-0.817625,10.066084,-16.667163,25.680275,0.714286
10,BP_80,analysis_plus_non_target_bulk,correlation_weighted,14,35.181187,48.031565,-1.887831,8.084073,-16.88845,20.001953,0.714286
10,BP_80,analysis_plus_non_target_bulk,equal_weight,14,37.033058,53.816038,-1.080185,8.535367,-15.262044,19.551688,0.714286
10,density_20c,analysis_only,correlation_weighted,14,0.026825,0.041426,-1.371081,2.853512,-0.014484,0.00994,0.857143
10,density_20c,analysis_only,equal_weight,14,0.026543,0.041219,-1.044982,2.8285,-0.011612,0.010836,0.857143
10,density_20c,analysis_plus_non_target_bulk,correlation_weighted,14,0.023078,0.035105,-0.892875,2.474155,-0.009853,0.008972,0.857143
10,density_20c,analysis_plus_non_target_bulk,equal_weight,14,0.026489,0.039162,-0.750398,2.843023,-0.008864,0.011976,0.857143
10,saturates,analysis_only,correlation_weighted,14,9.782763,14.131429,19.16056,23.81199,5.604873,5.794095,0.928571
10,saturates,analysis_only,equal_weight,14,9.291123,13.603403,17.71501,22.921019,4.626798,7.518845,0.928571
10,saturates,analysis_plus_non_target_bulk,correlation_weighted,14,8.335878,11.702872,15.359137,19.933698,4.23331,5.741981,0.928571
10,saturates,analysis_plus_non_target_bulk,equal_weight,14,9.111692,12.782386,15.995908,21.840006,3.93333,7.454559,0.928571
